NPartida,Time,Apelido,Cartao
1,Flamengo - RJ,Fabricio Bruno,Y
1,Flamengo - RJ,Gabriel Barbosa,Y
1,Flamengo - RJ,Marinho,Y
2,Botafogo - RJ,Carlos,Y
2,Botafogo - RJ,Di Placido,Y
2,Botafogo - RJ,Victor Cuesta,Y
2,São Paulo - SP,Sebastian Mendez,Y
2,São Paulo - SP,Calleri,Y
3,Palmeiras - SP,Lopez,Y
3,Cuiabá Saf - MT,Cafu,Y
3,Cuiabá Saf - MT,Deyverson,Y
3,Cuiabá Saf - MT,Matheusinho,Y
3,Cuiabá Saf - MT,Filipe Augusto,R
4,Corinthians - SP,Fagner,Y
4,Corinthians - SP,Fausto,Y
4,Corinthians - SP,Roger Guedes,Y
4,Corinthians - SP,Roni,Y
4,Cruzeiro Saf - MG,Nikao,Y
4,Cruzeiro Saf - MG,Lucas Oliveira,Y
5,Red Bull Bragantino - SP,Lucão,Y
5,Red Bull Bragantino - SP,J. Capixaba,Y
5,Red Bull Bragantino - SP,Jadsom Silva,Y
6,Atlético Mineiro - MG,Pavon,Y
6,Atlético Mineiro - MG,Otavio,Y
6,Atlético Mineiro - MG,Hulk,Y
6,Atlético Mineiro - MG,Zaracho,Y
6,Atlético Mineiro - MG,Renzo Saravia,Y
6,Atlético Mineiro - MG,Muricio Lemos,Y
6,Vasco da Gama S.a.f. - RJ,Rodrigo,Y
6,Vasco da Gama S.a.f. - RJ,Pedro Raul,Y
6,Vasco da Gama S.a.f. - RJ,Andrey Santos,Y
6,Vasco da Gama S.a.f. - RJ,Gabriel Pec,Y
6,Vasco da Gama S.a.f. - RJ,Robson,Y
7,Grêmio - RS,Vina,Y
7,Grêmio - RS,Kannemann,Y
7,Grêmio - RS,Darlan,Y
7,Santos - SP,Dodi,Y
7,Santos - SP,Camacho,Y
7,Santos - SP,Yeferson Soteldo,Y
7,Santos - SP,Yeferson Soteldo,R
8,Athletico Paranaense - PR,Pablo,Y
8,Athletico Paranaense - PR,Pedro Henrique,Y
8,Goiás - GO,Bruno,Y
8,Goiás - GO,Jhonny,Y
8,Goiás - GO,Sidimar,Y
9,Fortaleza - CE,Britez,Y
9,Fortaleza - CE,Guilherme Augusto,Y
9,Internacional - RS,Moledo,Y
10,America Saf - MG,Eder,Y
10,America Saf - MG,Iago,Y
10,America Saf - MG,Nino Paraiba,Y
10,Fluminense - RJ,Vitor Mendes,Y
10,Fluminense - RJ,John Kennedy,Y
11,Fluminense - RJ,Keno,Y
11,Fluminense - RJ,Samuel Xavier,Y
11,Fluminense - RJ,Thiago Santos,Y
11,Athletico Paranaense - PR,Erick,Y
11,Athletico Paranaense - PR,Pedrinho,Y
11,Athletico Paranaense - PR,Pablo,Y
12,Vasco da Gama S.a.f. - RJ,Lucas Piton,Y
12,Vasco da Gama S.a.f. - RJ,Pedro Raul,Y
12,Vasco da Gama S.a.f. - RJ,Gabriel Pec,Y
12,Vasco da Gama S.a.f. - RJ,Jair,Y
12,Palmeiras - SP,Ze Rafael,Y
12,Palmeiras - SP,Gabriel Menino,Y
12,Palmeiras - SP,Murilo,Y
13,São Paulo - SP,Rai,Y
13,São Paulo - SP,Patryck,Y
13,São Paulo - SP,Pablo,Y
13,São Paulo - SP,Luciano,Y
13,São Paulo - SP,Marcos Paulo,Y
13,America Saf - MG,Eder,Y
13,America Saf - MG,Everaldo,Y
13,America Saf - MG,Lucas,Y
14,Santos - SP,Luan,Y
14,Santos - SP,Dodi,Y
14,Santos - SP,Rodrigo,Y
14,Atlético Mineiro - MG,Otavio,Y
14,Atlético Mineiro - MG,Hyoran,Y
14,Atlético Mineiro - MG,Mariano,Y
15,Goiás - GO,Halter,Y
15,Goiás - GO,Bruno,Y
15,Goiás - GO,Zé Ricardo,Y
15,Goiás - GO,Julian,Y
15,Goiás - GO,Matheus Peixoto,Y
15,Corinthians - SP,Fabio Santos,Y
15,Corinthians - SP,Fausto,Y
16,Cruzeiro Saf - MG,Richard,Y
16,Cruzeiro Saf - MG,Gilberto,Y
16,Cruzeiro Saf - MG,Ramiro,Y
16,Cruzeiro Saf - MG,Marlon,Y
16,Cruzeiro Saf - MG,Lucas Oliveira,R
16,Grêmio - RS,Kannemann,Y
16,Grêmio - RS,Suarez,Y
17,Internacional - RS,Mauricio,Y
17,Internacional - RS,Gustavo,Y
17,Internacional - RS,Vitão,Y
17,Flamengo - RJ,Everton,Y
18,Fortaleza - CE,Britez,Y
18,Fortaleza - CE,Calebe,Y
19,Botafogo - RJ,Tiquinho,Y
19,Botafogo - RJ,Di Placido,Y
20,Cuiabá Saf - MT,Denilson,Y
20,Cuiabá Saf - MT,Pablo Ceppelini Gatto,Y
20,Cuiabá Saf - MT,Marllon,Y
20,Red Bull Bragantino - SP,Thiago Borbas,Y
20,Red Bull Bragantino - SP,Henry Mosquera,Y
20,Red Bull Bragantino - SP,J. Capixaba,Y
21,Flamengo - RJ,Gabriel Barbosa,Y
21,Flamengo - RJ,VIDAL,Y
21,Flamengo - RJ,David Luiz,Y
21,Flamengo - RJ,Thiago Maia,Y
21,Botafogo - RJ,Victor Cuesta,Y
21,Botafogo - RJ,Tiquinho,Y
21,Botafogo - RJ,Rafael,R
22,Vasco da Gama S.a.f. - RJ,Andrey Santos,Y
23,Palmeiras - SP,Mayke,Y
23,Palmeiras - SP,Rafael Navarro,Y
23,Palmeiras - SP,Joaquin Piquerez,Y
23,Corinthians - SP,Giuliano,Y
23,Corinthians - SP,Roger Guedes,Y
23,Corinthians - SP,Eduardo Santos Queiroz,Y
24,Santos - SP,Nathan,Y
24,Santos - SP,Dodi,Y
24,Santos - SP,Rodrigo,Y
24,Santos - SP,Eduardo,R
24,America Saf - MG,Ale,Y
24,America Saf - MG,Eder,Y
24,America Saf - MG,Iago,Y
24,America Saf - MG,Everaldo,Y
25,Red Bull Bragantino - SP,Thiago Borbas,Y
25,Red Bull Bragantino - SP,Helinho,Y
25,Red Bull Bragantino - SP,Aderlan,R
25,Cruzeiro Saf - MG,Luciano Castan,Y
25,Cruzeiro Saf - MG,Ramiro,Y
25,Cruzeiro Saf - MG,Neris,Y
26,Atlético Mineiro - MG,Everson,Y
26,Atlético Mineiro - MG,Muricio Lemos,Y
26,Athletico Paranaense - PR,Alex Santana,Y
26,Athletico Paranaense - PR,Alex Santana,R
27,Internacional - RS,Gabriel Mercado,Y
27,Internacional - RS,Carlos de Pena,Y
27,Internacional - RS,Alan Patrick,Y
27,Internacional - RS,Alexandre,Y
27,Goiás - GO,Magno Jose,R
28,São Paulo - SP,Michel Araujo,Y
29,Fluminense - RJ,Gabriel Pirani,Y
29,Fluminense - RJ,Keno,Y
29,Fluminense - RJ,John Kennedy,Y
30,Cuiabá Saf - MT,Deyverson,Y
30,Cuiabá Saf - MT,Raniele,Y
30,Cuiabá Saf - MT,Ronald,Y
30,Cuiabá Saf - MT,Patric,R
30,Grêmio - RS,Bruno Alves,Y
30,Grêmio - RS,Diogo Barbosa,Y
30,Grêmio - RS,Kannemann,Y
30,Grêmio - RS,Bitello,Y
30,Grêmio - RS,Mila,Y
31,Fluminense - RJ,André,Y
31,Fluminense - RJ,Felipe Melo,Y
31,Fluminense - RJ,John Kennedy,Y
31,Vasco da Gama S.a.f. - RJ,Leo Jardim,Y
31,Vasco da Gama S.a.f. - RJ,Figueiredo,Y
31,Vasco da Gama S.a.f. - RJ,Eguinaldo,Y
32,Botafogo - RJ,Lucas,Y
32,Atlético Mineiro - MG,Rodrigo Battaglia,Y
32,Atlético Mineiro - MG,Muricio Lemos,Y
32,Atlético Mineiro - MG,Rubens,Y
33,São Paulo - SP,Rafinha,Y
33,São Paulo - SP,Gabriel Neves,Y
33,São Paulo - SP,Wellington Rato,Y
33,Internacional - RS,Moledo,Y
33,Internacional - RS,Mauricio,Y
33,Internacional - RS,Gabriel Mercado,Y
33,Internacional - RS,Lucca,Y
34,Corinthians - SP,Fausto,Y
34,Corinthians - SP,Murillo,Y
34,Fortaleza - CE,Silvio Romero,Y
34,Fortaleza - CE,Bruno Pacheco,Y
35,Goiás - GO,Jackson,Y
35,Goiás - GO,Bruno,Y
35,Goiás - GO,Halter,R
35,Palmeiras - SP,Raphael Veiga,Y
35,Palmeiras - SP,Endrick,Y
35,Palmeiras - SP,Gustavo Gomez,Y
35,Palmeiras - SP,Mayke,Y
35,Palmeiras - SP,Joaquin Piquerez,Y
35,Palmeiras - SP,Ze Rafael,Y
36,Cruzeiro Saf - MG,William,Y
36,Cruzeiro Saf - MG,Lucas Oliveira,Y
36,Cruzeiro Saf - MG,Richard,Y
36,Cruzeiro Saf - MG,Henrique Dourado,Y
36,Cruzeiro Saf - MG,Ramiro,Y
36,Santos - SP,Lucas Lima,Y
36,Santos - SP,Gabriel,Y
36,Santos - SP,Rodrigo,Y
37,Grêmio - RS,Uvini,Y
37,Grêmio - RS,Vina,Y
37,Grêmio - RS,Galdino,Y
37,Grêmio - RS,G. Martins,Y
37,Grêmio - RS,Nathan,Y
37,Red Bull Bragantino - SP,Matheus Fernandes,Y
37,Red Bull Bragantino - SP,Vitinho,Y
38,Athletico Paranaense - PR,Fernandinho,Y
38,Athletico Paranaense - PR,Erick,Y
38,Flamengo - RJ,Gabriel Barbosa,Y
38,Flamengo - RJ,Erick Pulgar,Y
39,Bahia - BA,Biel,Y
39,Bahia - BA,Jacare,Y
40,America Saf - MG,Mateus Gonçalves,Y
40,America Saf - MG,Ale,Y
40,America Saf - MG,Marlon,Y
40,America Saf - MG,Matheus,R
40,Cuiabá Saf - MT,Matheusinho,Y
40,Cuiabá Saf - MT,Pablo Ceppelini Gatto,Y
40,Cuiabá Saf - MT,Ronald,Y
40,Cuiabá Saf - MT,ALAN,Y
41,Goiás - GO,Vinicius,Y
42,Botafogo - RJ,Victor Cuesta,Y
42,Corinthians - SP,Fabio Santos,Y
42,Corinthians - SP,Gil,Y
43,Palmeiras - SP,Joaquin Piquerez,Y
43,Palmeiras - SP,Ze Rafael,Y
43,Grêmio - RS,Gabriel Grando,Y
43,Grêmio - RS,Villasanti,Y
43,Grêmio - RS,Uvini,Y
43,Grêmio - RS,Kannemann,Y
44,Santos - SP,Lucas,Y
44,Santos - SP,Lucas Lima,Y
44,Santos - SP,Deivid Washington,Y
44,Bahia - BA,Cicinho,Y
44,Bahia - BA,Kanu,Y
44,Bahia - BA,Acevedo,Y
44,Bahia - BA,Chavez,Y
45,Red Bull Bragantino - SP,Jadsom Silva,Y
45,Red Bull Bragantino - SP,Vitinho,Y
45,Red Bull Bragantino - SP,Eduardo,Y
45,Red Bull Bragantino - SP,Eduardo Sasha,Y
45,Red Bull Bragantino - SP,Thiago Borbas,Y
45,America Saf - MG,Eder,Y
45,America Saf - MG,Everaldo,Y
45,America Saf - MG,Marcinho,Y
46,Cruzeiro Saf - MG,Wesley Ribeiro Silva,Y
46,Fluminense - RJ,Fabio,Y
46,Fluminense - RJ,Manoel,Y
46,Fluminense - RJ,Marcelo,Y
46,Fluminense - RJ,Thiago Santos,Y
46,Fluminense - RJ,André,Y
46,Fluminense - RJ,André,R
47,Internacional - RS,Igor Gomes,Y
47,Internacional - RS,Gabriel Barros,Y
47,Athletico Paranaense - PR,Bento,Y
47,Athletico Paranaense - PR,Hugo Moura,Y
47,Athletico Paranaense - PR,Pedro Henrique,Y
47,Athletico Paranaense - PR,Vitor Bueno,Y
48,Vasco da Gama S.a.f. - RJ,Matias Galarza,Y
49,Fortaleza - CE,Yago,Y
49,Fortaleza - CE,Britez,R
49,São Paulo - SP,Gabriel Neves,Y
49,São Paulo - SP,Rai,Y
49,São Paulo - SP,Alisson,Y
49,São Paulo - SP,Rodrigo Nestor,R
50,Cuiabá Saf - MT,Marllon,Y
50,Atlético Mineiro - MG,Vargas,Y
50,Atlético Mineiro - MG,Zaracho,Y
51,Fluminense - RJ,Giovanni,Y
51,Fluminense - RJ,Jhon Arias,Y
51,Fluminense - RJ,Guga,Y
51,Cuiabá Saf - MT,Walter,Y
51,Cuiabá Saf - MT,Matheus Alexandre,Y
51,Cuiabá Saf - MT,Denilson,Y
51,Cuiabá Saf - MT,Matheusinho,Y
52,Vasco da Gama S.a.f. - RJ,Puma Rodriguez,Y
52,Vasco da Gama S.a.f. - RJ,Robson,Y
52,Vasco da Gama S.a.f. - RJ,Léo,Y
52,Vasco da Gama S.a.f. - RJ,Erick Marcus,Y
52,Santos - SP,Nathan,Y
53,Palmeiras - SP,Gustavo Gomez,Y
53,Red Bull Bragantino - SP,Cleiton,Y
53,Red Bull Bragantino - SP,Alerrandro,Y
53,Red Bull Bragantino - SP,Eric Ramires,Y
53,Red Bull Bragantino - SP,J. Capixaba,Y
54,Corinthians - SP,Fagner,Y
54,Corinthians - SP,Gil,Y
54,São Paulo - SP,Caio Paulista,Y
54,São Paulo - SP,Luciano,Y
54,São Paulo - SP,Rafinha,Y
54,São Paulo - SP,Beraldo,Y
55,Goiás - GO,Halter,Y
55,Goiás - GO,Willian Oliveira,Y
55,Goiás - GO,Zé Ricardo,Y
55,Goiás - GO,Vinicius,Y
55,Goiás - GO,Matheus Peixoto,Y
55,Goiás - GO,Magno Jose,Y
55,Botafogo - RJ,Marcal,Y
55,Botafogo - RJ,Adryelson,Y
55,Botafogo - RJ,Luis Segovia,Y
56,Atlético Mineiro - MG,Jemerson,Y
56,Atlético Mineiro - MG,Pavon,Y
56,Internacional - RS,Nicolas Hernandez,Y
56,Internacional - RS,Romulo,Y
56,Internacional - RS,Alexandre,Y
57,Grêmio - RS,Villasanti,Y
57,Grêmio - RS,Reinaldo,Y
57,Grêmio - RS,Kannemann,Y
57,Fortaleza - CE,Brayan Ceballos,Y
57,Fortaleza - CE,Christian,Y
57,Fortaleza - CE,Calebe,Y
57,Fortaleza - CE,Lucas,Y
58,Athletico Paranaense - PR,Fernando,Y
58,Athletico Paranaense - PR,Fernandinho,Y
58,Athletico Paranaense - PR,Vitor Bueno,Y
59,Bahia - BA,Vitor Hugo,Y
59,Bahia - BA,Ademir,Y
59,Bahia - BA,Yago Felipe,Y
59,Bahia - BA,Kanu,R
59,Bahia - BA,Rezende,R
59,Flamengo - RJ,VIDAL,Y
59,Flamengo - RJ,Fabricio Bruno,Y
59,Flamengo - RJ,Leo Pereira,Y
59,Flamengo - RJ,De Arrascaeta,Y
59,Flamengo - RJ,Ayrton Lucas,Y
60,America Saf - MG,Ricardo Silva,Y
60,America Saf - MG,Aloisio,Y
61,Corinthians - SP,Cássio,Y
61,Corinthians - SP,Bruno Mendez,Y
62,Botafogo - RJ,Carlos,Y
62,Botafogo - RJ,Marcal,Y
62,Botafogo - RJ,Tiquinho,Y
62,Botafogo - RJ,Victor Cuesta,Y
62,Fluminense - RJ,Lelê,Y
62,Fluminense - RJ,Nino,Y
63,Vasco da Gama S.a.f. - RJ,Jair,Y
63,Vasco da Gama S.a.f. - RJ,Barros,Y
63,Vasco da Gama S.a.f. - RJ,Figueiredo,Y
63,Vasco da Gama S.a.f. - RJ,Pedro Raul,Y
64,Santos - SP,Ângelo,Y
64,Santos - SP,Daniel Ruiz,Y
64,Santos - SP,Dodi,Y
64,Palmeiras - SP,Raphael Veiga,Y
65,Red Bull Bragantino - SP,Cleiton,Y
65,Red Bull Bragantino - SP,Eduardo Sasha,Y
65,Red Bull Bragantino - SP,Jadsom Silva,Y
65,Athletico Paranaense - PR,Madson,Y
65,Athletico Paranaense - PR,Canobbio,Y
65,Athletico Paranaense - PR,Thiago,Y
66,Cruzeiro Saf - MG,Gilberto,Y
66,Cuiabá Saf - MT,Wellington Silva,Y
66,Cuiabá Saf - MT,Fernando,Y
66,Cuiabá Saf - MT,Denilson,Y
67,Grêmio - RS,Kannemann,R
67,Internacional - RS,Gustavo,Y
68,Atlético Mineiro - MG,Hulk,Y
68,Atlético Mineiro - MG,Vargas,Y
68,Atlético Mineiro - MG,Igor Gomes,Y
68,Atlético Mineiro - MG,Hyoran,Y
68,Atlético Mineiro - MG,Patrick,Y
68,Atlético Mineiro - MG,Renzo Saravia,Y
68,Atlético Mineiro - MG,Muricio Lemos,R
69,Bahia - BA,Ryan,Y
69,Goiás - GO,Alesson,Y
69,Goiás - GO,Zé Ricardo,Y
69,Goiás - GO,Magno Jose,Y
70,America Saf - MG,Renato,Y
70,America Saf - MG,Danilo,Y
70,America Saf - MG,Lucas,Y
70,America Saf - MG,Marcinho,Y
70,Fortaleza - CE,Brayan Ceballos,Y
70,Fortaleza - CE,Moises,Y
71,Flamengo - RJ,Ayrton Lucas,Y
71,Flamengo - RJ,Gabriel Barbosa,Y
71,Flamengo - RJ,Thiago Maia,Y
71,Flamengo - RJ,Gerson,Y
71,Cruzeiro Saf - MG,Rafael Cabral,Y
71,Cruzeiro Saf - MG,Igor Marques Paciencia Cardoso,Y
71,Cruzeiro Saf - MG,William,Y
71,Cruzeiro Saf - MG,Matheus,Y
71,Cruzeiro Saf - MG,Wesley Ribeiro Silva,Y
72,Botafogo - RJ,Marcal,Y
72,Botafogo - RJ,Victor Cuesta,Y
72,America Saf - MG,Renato,Y
72,America Saf - MG,Iago,Y
72,America Saf - MG,Marcinho,Y
73,São Paulo - SP,Alan Franco,Y
73,São Paulo - SP,Wellington Rato,Y
73,Goiás - GO,Bruno,Y
73,Goiás - GO,Jackson,Y
73,Goiás - GO,Fellipe Bastos,Y
73,Goiás - GO,Halter,Y
74,Corinthians - SP,Cássio,Y
74,Corinthians - SP,Fausto,Y
74,Corinthians - SP,Matheus Bidu,Y
74,Corinthians - SP,Gil,Y
74,Fluminense - RJ,Felipe Melo,Y
74,Fluminense - RJ,Samuel Xavier,Y
75,Red Bull Bragantino - SP,Helinho,Y
75,Red Bull Bragantino - SP,Matheus Fernandes,Y
75,Santos - SP,Deivid Washington,Y
76,Atlético Mineiro - MG,Pavon,Y
76,Atlético Mineiro - MG,Zaracho,Y
76,Atlético Mineiro - MG,Nathan Silva,Y
76,Palmeiras - SP,Vanderlan,Y
76,Palmeiras - SP,Raphael Veiga,Y
76,Palmeiras - SP,Gabriel Menino,Y
77,Internacional - RS,Gustavo,Y
77,Bahia - BA,Everaldo,Y
77,Bahia - BA,Ryan,Y
78,Athletico Paranaense - PR,Thiago Heleno,Y
78,Athletico Paranaense - PR,Vitor Bueno,Y
78,Grêmio - RS,Adriel,Y
78,Grêmio - RS,Andre,Y
78,Grêmio - RS,Reinaldo,Y
78,Grêmio - RS,G. Martins,Y
79,Fortaleza - CE,João Ricardo,Y
79,Fortaleza - CE,Yago,Y
79,Fortaleza - CE,HERCULES,Y
79,Vasco da Gama S.a.f. - RJ,Capasso,Y
80,Cuiabá Saf - MT,Raniele,Y
80,Cuiabá Saf - MT,ALAN,Y
80,Cuiabá Saf - MT,Patric,Y
81,Fluminense - RJ,Felipe Melo,Y
81,Fluminense - RJ,PH GANSO,Y
81,Fluminense - RJ,Samuel Xavier,Y
81,Fluminense - RJ,Lima,Y
81,Fluminense - RJ,Nino,Y
81,Red Bull Bragantino - SP,Luan Patrick,Y
81,Red Bull Bragantino - SP,Matheus Fernandes,Y
82,Vasco da Gama S.a.f. - RJ,Capasso,Y
82,Vasco da Gama S.a.f. - RJ,Alex Teixeira,Y
83,Palmeiras - SP,Jhon Jhon,Y
83,Palmeiras - SP,Gustavo Gomez,Y
83,Palmeiras - SP,Luan Garcia,Y
83,Palmeiras - SP,Ze Rafael,Y
84,Santos - SP,Rodrigo,Y
84,Santos - SP,Joaquim,Y
84,Internacional - RS,Nicolas Hernandez,Y
84,Internacional - RS,Alan Patrick,Y
84,Internacional - RS,Jean Dias,Y
84,Internacional - RS,Joao Lucas,Y
85,Goiás - GO,Magno Jose,Y
85,Goiás - GO,Guilherme,Y
85,Cuiabá Saf - MT,Matheus Alexandre,Y
85,Cuiabá Saf - MT,Marllon,Y
85,Cuiabá Saf - MT,Raniele,Y
86,Cruzeiro Saf - MG,Luciano Castan,Y
86,Cruzeiro Saf - MG,Neris,Y
86,Cruzeiro Saf - MG,Matheus,Y
86,Cruzeiro Saf - MG,Wallisson,Y
86,Atlético Mineiro - MG,Everson,Y
86,Atlético Mineiro - MG,Otavio,Y
86,Atlético Mineiro - MG,Hulk,Y
86,Atlético Mineiro - MG,Hyoran,Y
86,Atlético Mineiro - MG,Renzo Saravia,Y
87,Grêmio - RS,Reinaldo,Y
87,Grêmio - RS,Mila,Y
87,São Paulo - SP,Alan Franco,Y
88,Athletico Paranaense - PR,Pedro Henrique,Y
88,Athletico Paranaense - PR,David Terans,Y
88,Athletico Paranaense - PR,Alex Santana,Y
88,Botafogo - RJ,Kayque,Y
88,Botafogo - RJ,Rafael,Y
89,Fortaleza - CE,Zanocelo,Y
89,Fortaleza - CE,Christian,Y
89,Bahia - BA,Everaldo,Y
89,Bahia - BA,Cicinho,Y
89,Bahia - BA,Acevedo,Y
90,America Saf - MG,Juninho,Y
91,Grêmio - RS,Suarez,Y
91,Grêmio - RS,Kannemann,Y
91,Grêmio - RS,Uvini,Y
92,Botafogo - RJ,Tiquinho,Y
92,Botafogo - RJ,Rafael,Y
92,Botafogo - RJ,Carlos,Y
92,Fortaleza - CE,Thiago Galhardo,Y
92,Fortaleza - CE,Caio,Y
92,Fortaleza - CE,Welison,Y
93,São Paulo - SP,RODRIGUINHO,Y
93,São Paulo - SP,David,Y
93,São Paulo - SP,Pablo,R
93,Palmeiras - SP,Artur,Y
94,Corinthians - SP,Maycon,Y
94,Corinthians - SP,RUAN,Y
94,Cuiabá Saf - MT,Fernando,Y
94,Cuiabá Saf - MT,Denilson,Y
94,Cuiabá Saf - MT,Deyverson,Y
95,Goiás - GO,Willian Oliveira,Y
95,Goiás - GO,Guilherme,Y
95,Goiás - GO,Zé Ricardo,Y
95,Fluminense - RJ,Fabio,Y
95,Fluminense - RJ,German Cano,Y
95,Fluminense - RJ,David Braz,Y
96,Atlético Mineiro - MG,Mariano,Y
96,Atlético Mineiro - MG,Muricio Lemos,Y
96,Red Bull Bragantino - SP,Cleiton,Y
96,Red Bull Bragantino - SP,Léo Realpe,Y
96,Red Bull Bragantino - SP,Evangelista,Y
97,Internacional - RS,Matheus,Y
97,Internacional - RS,Moledo,Y
97,Vasco da Gama S.a.f. - RJ,Lucas Piton,Y
97,Vasco da Gama S.a.f. - RJ,Jair,Y
97,Vasco da Gama S.a.f. - RJ,Robson,Y
98,Santos - SP,Camacho,R
99,Bahia - BA,Kayky Chagas,Y
99,Bahia - BA,Ryan,Y
99,Bahia - BA,Rezende,Y
99,Bahia - BA,Kanu,Y
99,Cruzeiro Saf - MG,Wallisson,Y
100,America Saf - MG,Aloisio,Y
100,America Saf - MG,Marcinho,Y
100,Athletico Paranaense - PR,Bento,Y
100,Athletico Paranaense - PR,Vitor Roque,Y
100,Athletico Paranaense - PR,Erick,Y
100,Athletico Paranaense - PR,Canobbio,Y
101,Fluminense - RJ,André,Y
101,Fluminense - RJ,John Kennedy,Y
101,Atlético Mineiro - MG,Hulk,Y
101,Atlético Mineiro - MG,Guilherme Arana,Y
101,Atlético Mineiro - MG,Rodrigo Battaglia,Y
101,Atlético Mineiro - MG,Hyoran,Y
102,Vasco da Gama S.a.f. - RJ,Mateus Carvalho,Y
102,Vasco da Gama S.a.f. - RJ,Andrey Santos,Y
102,Goiás - GO,Apodi,Y
102,Goiás - GO,Morelli,Y
102,Goiás - GO,Willian Oliveira,Y
103,São Paulo - SP,Caio Paulista,Y
103,São Paulo - SP,Gabriel Neves,Y
103,São Paulo - SP,Calleri,Y
103,Athletico Paranaense - PR,Thiago Heleno,Y
103,Athletico Paranaense - PR,Alex Santana,Y
104,Santos - SP,Dodi,Y
104,Santos - SP,Rodrigo,Y
104,Corinthians - SP,Fagner,Y
104,Corinthians - SP,Guilherme Biro,Y
104,Corinthians - SP,Matheus Bidu,Y
104,Corinthians - SP,Yuri Alberto,Y
106,Cruzeiro Saf - MG,Luciano Castan,Y
106,Cruzeiro Saf - MG,Marlon,Y
106,Cruzeiro Saf - MG,Filipe Machado,Y
106,Cruzeiro Saf - MG,Wallisson,Y
106,Fortaleza - CE,Welison,Y
106,Fortaleza - CE,Caio,Y
106,Fortaleza - CE,Britez,Y
106,Fortaleza - CE,Guilherme Augusto,Y
107,America Saf - MG,Mateus,Y
107,America Saf - MG,Eder,R
108,Internacional - RS,John,Y
108,Internacional - RS,Gabriel Mercado,Y
108,Internacional - RS,Rene,Y
108,Internacional - RS,Gustavo,Y
109,Bahia - BA,Kayky Chagas,Y
109,Bahia - BA,Mingotti,Y
109,Bahia - BA,Everaldo,Y
109,Palmeiras - SP,Gabriel Menino,Y
109,Palmeiras - SP,Endrick,Y
109,Palmeiras - SP,Breno,Y
110,Cuiabá Saf - MT,Filipe Augusto,Y
110,Cuiabá Saf - MT,Matheus Alexandre,Y
110,Botafogo - RJ,Joao Victor,Y
110,Botafogo - RJ,Hugo,Y
111,Fluminense - RJ,Samuel Xavier,Y
111,Fluminense - RJ,Nino,R
112,Vasco da Gama S.a.f. - RJ,Eguinaldo,Y
112,Vasco da Gama S.a.f. - RJ,Rayan,Y
112,Vasco da Gama S.a.f. - RJ,Gabriel Pec,Y
112,Vasco da Gama S.a.f. - RJ,Jair,Y
112,Vasco da Gama S.a.f. - RJ,Zé Gabriel,Y
112,Cuiabá Saf - MT,Fernando,Y
112,Cuiabá Saf - MT,ALAN,Y
112,Cuiabá Saf - MT,Denilson,Y
113,Botafogo - RJ,Matheus Nascimento,Y
113,Botafogo - RJ,Tche Tche,Y
113,Botafogo - RJ,Danilo,Y
114,Santos - SP,Luan,Y
114,Santos - SP,Lucas Pires,Y
114,Flamengo - RJ,Erick Pulgar,Y
115,Red Bull Bragantino - SP,Vitinho,Y
115,Red Bull Bragantino - SP,Jadsom Silva,Y
115,Goiás - GO,Magno Jose,Y
115,Goiás - GO,Bruno,Y
116,Cruzeiro Saf - MG,Henrique Dourado,Y
116,São Paulo - SP,David,Y
116,São Paulo - SP,Rodrigo Nestor,Y
116,São Paulo - SP,RODRIGUINHO,Y
117,Grêmio - RS,Reinaldo,Y
117,Grêmio - RS,Carballo,Y
118,Athletico Paranaense - PR,Bento,Y
118,Athletico Paranaense - PR,Madson,Y
118,Athletico Paranaense - PR,Vitor Roque,Y
118,Athletico Paranaense - PR,Fernandinho,Y
118,Corinthians - SP,Gil,Y
118,Corinthians - SP,Fabio Santos,Y
119,Fortaleza - CE,Christian,Y
119,Atlético Mineiro - MG,Bruno Fuchs,Y
119,Atlético Mineiro - MG,Renzo Saravia,R
120,America Saf - MG,Danilo,Y
120,Internacional - RS,Nicolas Hernandez,Y
121,Flamengo - RJ,Bruno Henrique,Y
121,Flamengo - RJ,Erick Pulgar,Y
122,Botafogo - RJ,Adryelson,Y
122,Botafogo - RJ,Matias Segovia,Y
122,Vasco da Gama S.a.f. - RJ,Robson,Y
122,Vasco da Gama S.a.f. - RJ,Lucas Piton,Y
122,Vasco da Gama S.a.f. - RJ,Léo,Y
122,Vasco da Gama S.a.f. - RJ,Rayan,Y
122,Vasco da Gama S.a.f. - RJ,Orellano,Y
123,São Paulo - SP,Patryck,Y
123,São Paulo - SP,Gabriel Neves,Y
123,Fluminense - RJ,Jhon Arias,Y
123,Fluminense - RJ,Felipe Melo,Y
123,Fluminense - RJ,Jhon Arias,R
124,Corinthians - SP,Fagner,Y
124,Corinthians - SP,Moscardo,Y
124,Corinthians - SP,Wesley,Y
124,Red Bull Bragantino - SP,Sorriso,Y
124,Red Bull Bragantino - SP,Eduardo,Y
125,Goiás - GO,Magno Jose,Y
125,Goiás - GO,Bruno,Y
125,Goiás - GO,Zé Ricardo,Y
125,Goiás - GO,Alesson,Y
125,Goiás - GO,Julian,Y
126,Atlético Mineiro - MG,Alan Kardec,Y
126,Atlético Mineiro - MG,Hulk,R
126,America Saf - MG,Aloisio,Y
126,America Saf - MG,Martin Benitez,Y
127,Internacional - RS,BUSTOS,Y
127,Internacional - RS,Joao Lucas,Y
127,Internacional - RS,Rene,Y
127,Internacional - RS,Vitão,Y
127,Internacional - RS,Gabriel Mercado,Y
127,Internacional - RS,Alan Patrick,Y
127,Cruzeiro Saf - MG,Marlon,Y
127,Cruzeiro Saf - MG,Bruno Rodrigues,Y
127,Cruzeiro Saf - MG,Lucas Oliveira,R
128,Athletico Paranaense - PR,Madson,Y
128,Athletico Paranaense - PR,Vitor Roque,Y
128,Athletico Paranaense - PR,Vitor Bueno,Y
128,Athletico Paranaense - PR,Ze Ivaldo,Y
128,Palmeiras - SP,Gustavo Garcia,R
129,Bahia - BA,Cicinho,Y
129,Bahia - BA,Thaciano,Y
129,Bahia - BA,Acevedo,Y
129,Grêmio - RS,Joao Pedro,Y
129,Grêmio - RS,Kannemann,Y
130,Santos - SP,Gabriel,Y
130,Santos - SP,Messias,Y
131,Fluminense - RJ,German Cano,Y
131,Fluminense - RJ,Keno,Y
131,Internacional - RS,Gabriel Mercado,Y
131,Internacional - RS,Carlos de Pena,Y
131,Internacional - RS,Gustavo,Y
132,Vasco da Gama S.a.f. - RJ,Capasso,Y
132,Vasco da Gama S.a.f. - RJ,Mateus Carvalho,Y
132,Cruzeiro Saf - MG,Robert,Y
132,Cruzeiro Saf - MG,William,Y
132,Cruzeiro Saf - MG,Kaiki Bruno,Y
133,Palmeiras - SP,Richard Rios,Y
133,Palmeiras - SP,Mayke,Y
133,Flamengo - RJ,Fabricio Bruno,Y
133,Flamengo - RJ,Victor Hugo,Y
133,Flamengo - RJ,Ayrton Lucas,Y
134,Santos - SP,Joao Paulo,Y
134,Santos - SP,Luan,Y
134,Santos - SP,Rodrigo,Y
134,Santos - SP,Sandry,Y
134,Santos - SP,Marcos Leonardo,Y
134,Santos - SP,Bruno Mezenga,Y
134,Goiás - GO,Matheus,Y
134,Goiás - GO,Luis,Y
134,Goiás - GO,Guilherme,R
135,Red Bull Bragantino - SP,J. Capixaba,Y
135,Red Bull Bragantino - SP,Vitinho,Y
135,São Paulo - SP,Nathan,Y
135,São Paulo - SP,Marcos Paulo,Y
136,Atlético Mineiro - MG,Rodrigo Battaglia,Y
136,Atlético Mineiro - MG,Jemerson,Y
136,Atlético Mineiro - MG,Mariano,Y
136,Corinthians - SP,Murillo,Y
136,Corinthians - SP,Roger Guedes,Y
137,Grêmio - RS,Cuiabano,Y
137,Grêmio - RS,Reinaldo,Y
137,Botafogo - RJ,Hugo,Y
137,Botafogo - RJ,Marcal,Y
137,Botafogo - RJ,Tche Tche,Y
137,Botafogo - RJ,Tiquinho,Y
138,Coritiba S.a.f. - PR,Luan Polli,Y
138,Coritiba S.a.f. - PR,Henrique,Y
138,Coritiba S.a.f. - PR,Rodrigo,Y
138,Coritiba S.a.f. - PR,Kaio Lima,Y
138,Coritiba S.a.f. - PR,Alef Manga,Y
138,America Saf - MG,Emmanuel Martinez,Y
138,America Saf - MG,Lucas,Y
138,America Saf - MG,Everaldo,Y
139,Fortaleza - CE,Britez,Y
139,Fortaleza - CE,Thiago Galhardo,Y
139,Fortaleza - CE,Marinho,Y
139,Athletico Paranaense - PR,Hugo Moura,Y
139,Athletico Paranaense - PR,Vinícius Kauê,Y
139,Athletico Paranaense - PR,Marcelo Cirino,Y
140,Cuiabá Saf - MT,Cafu,Y
140,Bahia - BA,Gabriel Xavier,Y
140,Bahia - BA,André Dhominique,Y
140,Bahia - BA,Acevedo,Y
141,Fluminense - RJ,Lima,Y
141,Fluminense - RJ,André,Y
141,Fluminense - RJ,Felipe Melo,Y
141,Fluminense - RJ,John Kennedy,Y
141,Fluminense - RJ,German Cano,Y
141,Fluminense - RJ,PH GANSO,Y
141,Flamengo - RJ,Éverton Ribeiro,Y
141,Flamengo - RJ,Gabriel Barbosa,Y
141,Flamengo - RJ,Filipe Luís,Y
141,Flamengo - RJ,Andre,Y
141,Flamengo - RJ,Thiago Maia,Y
141,Flamengo - RJ,Luiz,R
142,Botafogo - RJ,Victor Cuesta,Y
142,Red Bull Bragantino - SP,Vitinho,Y
143,São Paulo - SP,Alisson,Y
143,São Paulo - SP,David,Y
143,São Paulo - SP,Michel Araujo,Y
143,Santos - SP,Joaquim,Y
143,Santos - SP,Mendoza,Y
143,Santos - SP,Messias,Y
143,Santos - SP,Sandry,Y
144,Corinthians - SP,Fabio Santos,Y
144,Grêmio - RS,Kannemann,Y
145,Goiás - GO,Joao,Y
145,Goiás - GO,Diego,Y
145,Goiás - GO,Halter,Y
145,Goiás - GO,Bruno,Y
145,Goiás - GO,Allano,Y
145,Atlético Mineiro - MG,Alan Franco,Y
145,Atlético Mineiro - MG,Jemerson,Y
145,Atlético Mineiro - MG,Vargas,Y
145,Atlético Mineiro - MG,Igor,Y
145,Atlético Mineiro - MG,Guilherme Arana,R
146,Cruzeiro Saf - MG,Neris,Y
146,Coritiba S.a.f. - PR,BENJAMIN,Y
146,Coritiba S.a.f. - PR,Marcelino Moreno,Y
146,Coritiba S.a.f. - PR,Jamerson,Y
146,Coritiba S.a.f. - PR,Jean,Y
147,Internacional - RS,Vitão,Y
147,Palmeiras - SP,Lopez,Y
147,Palmeiras - SP,Gabriel Menino,Y
147,Palmeiras - SP,Gustavo Gomez,Y
148,Athletico Paranaense - PR,Thiago Heleno,Y
148,Athletico Paranaense - PR,Ze Ivaldo,Y
148,Bahia - BA,Everaldo,Y
149,Fortaleza - CE,Marcelo,Y
149,Fortaleza - CE,Bruno Pacheco,Y
149,Fortaleza - CE,Caio,Y
149,Fortaleza - CE,Britez,Y
149,Fortaleza - CE,Thiago Galhardo,Y
149,Cuiabá Saf - MT,Pablo Ceppelini Gatto,Y
149,Cuiabá Saf - MT,Iury,Y
149,Cuiabá Saf - MT,Deyverson,Y
149,Cuiabá Saf - MT,Clayson,Y
150,America Saf - MG,Felipe Azevedo,Y
150,America Saf - MG,Emmanuel Martinez,Y
150,America Saf - MG,Javier Mendez,Y
150,America Saf - MG,Felipe Azevedo,R
150,America Saf - MG,Iago,R
150,Vasco da Gama S.a.f. - RJ,Lucas Piton,Y
150,Vasco da Gama S.a.f. - RJ,Serginho,Y
151,Flamengo - RJ,Ayrton Lucas,Y
151,Flamengo - RJ,De Arrascaeta,Y
151,America Saf - MG,Iago,Y
151,America Saf - MG,Daniel Borges,Y
151,America Saf - MG,Martin Benitez,Y
151,America Saf - MG,Paulo,Y
152,Vasco da Gama S.a.f. - RJ,Jair,Y
152,Vasco da Gama S.a.f. - RJ,Zé Vitor,Y
152,Athletico Paranaense - PR,Khellven,Y
152,Athletico Paranaense - PR,Lucas Esquivel,Y
152,Athletico Paranaense - PR,Fernandinho,Y
152,Athletico Paranaense - PR,Ze Ivaldo,R
153,Palmeiras - SP,Weverton,Y
153,Palmeiras - SP,Ze Rafael,Y
153,Palmeiras - SP,Joaquin Piquerez,Y
153,Fortaleza - CE,Christian,Y
153,Fortaleza - CE,Marcelo,Y
153,Fortaleza - CE,Welison,Y
153,Fortaleza - CE,Britez,Y
153,Fortaleza - CE,Lucas,Y
153,Fortaleza - CE,Silvio Romero,Y
154,Santos - SP,Jean,Y
154,Santos - SP,Joao,Y
154,Santos - SP,Alex,Y
154,Botafogo - RJ,Marcal,Y
154,Botafogo - RJ,Adryelson,Y
154,Botafogo - RJ,Matias Segovia,Y
155,Red Bull Bragantino - SP,Andres Hurtado,Y
155,Red Bull Bragantino - SP,Léo Ortiz,Y
155,Red Bull Bragantino - SP,Natan,Y
155,Internacional - RS,Alan Patrick,Y
155,Internacional - RS,Matheus,Y
156,Cruzeiro Saf - MG,Rafael Cabral,Y
156,Cruzeiro Saf - MG,Gilberto,Y
156,Cruzeiro Saf - MG,Bruno Rodrigues,Y
156,Cruzeiro Saf - MG,Luciano Castan,Y
156,Goiás - GO,Sander,Y
156,Goiás - GO,Allano,Y
156,Goiás - GO,Joao,Y
156,Goiás - GO,Willian Oliveira,Y
156,Goiás - GO,Hugo,Y
157,Grêmio - RS,Gabriel Grando,Y
157,Grêmio - RS,Reinaldo,Y
157,Grêmio - RS,Uvini,Y
157,Atlético Mineiro - MG,Alisson Santana,Y
157,Atlético Mineiro - MG,Rubens,Y
157,Atlético Mineiro - MG,Renzo Saravia,Y
157,Atlético Mineiro - MG,Muricio Lemos,Y
158,Coritiba S.a.f. - PR,Robson,Y
158,Fluminense - RJ,André,Y
159,Bahia - BA,Yago Felipe,Y
159,Bahia - BA,Ademir,Y
159,Bahia - BA,Kanu,Y
159,Corinthians - SP,Gil,Y
159,Corinthians - SP,Murillo,Y
160,Cuiabá Saf - MT,Cafu,Y
160,Cuiabá Saf - MT,Marllon,Y
160,São Paulo - SP,Luciano,Y
160,São Paulo - SP,Pablo,Y
160,São Paulo - SP,Diego,Y
160,São Paulo - SP,Calleri,Y
160,São Paulo - SP,Erison,Y
161,Fluminense - RJ,Nino,Y
161,Fluminense - RJ,André,Y
161,Fluminense - RJ,German Cano,Y
161,Fluminense - RJ,Martinelli,Y
161,Fluminense - RJ,Marlon Santos,Y
161,Fluminense - RJ,Leo Fernandez,Y
161,Santos - SP,Joao Paulo,Y
161,Santos - SP,Dodo,Y
161,Santos - SP,Mendoza,Y
161,Santos - SP,Lucas,Y
161,Santos - SP,Rodrigo,Y
161,Santos - SP,Camacho,Y
162,Botafogo - RJ,Carlos,Y
162,Coritiba S.a.f. - PR,Matheus,Y
162,Coritiba S.a.f. - PR,Natanael Milouski,Y
162,Coritiba S.a.f. - PR,Robson,Y
163,Bahia - BA,Rafael Ratão,Y
163,Bahia - BA,Matheus Bahia,Y
163,Bahia - BA,Gabriel Xavier,Y
163,Bahia - BA,Gilberto,Y
164,Corinthians - SP,Caetano,Y
164,Corinthians - SP,Fausto,Y
165,Goiás - GO,Bruno,Y
165,Goiás - GO,Bruno,Y
165,Goiás - GO,Morelli,Y
165,Goiás - GO,Matheus Babi,Y
165,Grêmio - RS,Cuiabano,Y
165,Grêmio - RS,Ronald,Y
166,Atlético Mineiro - MG,Everson,Y
166,Atlético Mineiro - MG,Renzo Saravia,Y
166,Atlético Mineiro - MG,Pavon,Y
166,Flamengo - RJ,Matheus Cunha,Y
166,Flamengo - RJ,Filipe Luís,Y
166,Flamengo - RJ,De Arrascaeta,Y
166,Flamengo - RJ,Gabriel Barbosa,Y
166,Flamengo - RJ,Leo Pereira,Y
167,Internacional - RS,Vitão,Y
167,Internacional - RS,BUSTOS,Y
167,Internacional - RS,THAUAN LARA,Y
167,Internacional - RS,Gabriel Mercado,R
167,Cuiabá Saf - MT,Walter,Y
167,Cuiabá Saf - MT,Raniele,Y
168,Athletico Paranaense - PR,VIDAL,Y
168,Cruzeiro Saf - MG,Rafael Cabral,Y
168,Cruzeiro Saf - MG,Palacios,Y
168,Cruzeiro Saf - MG,William,Y
168,Cruzeiro Saf - MG,Wesley Ribeiro Silva,Y
169,Fortaleza - CE,Guilherme Augusto,Y
169,Fortaleza - CE,Christian,Y
169,Red Bull Bragantino - SP,Evangelista,Y
169,Red Bull Bragantino - SP,Gustavinho,Y
169,Red Bull Bragantino - SP,Thiago Borbas,Y
170,America Saf - MG,Paulo,Y
170,America Saf - MG,Juninho,Y
170,Palmeiras - SP,Gustavo Gomez,Y
171,Fluminense - RJ,John Kennedy,Y
171,Fluminense - RJ,Lima,Y
171,Fluminense - RJ,Martinelli,Y
171,Fluminense - RJ,Felipe Melo,Y
171,Fluminense - RJ,Lelê,R
171,Palmeiras - SP,Weverton,Y
171,Palmeiras - SP,Vanderlan,Y
172,Vasco da Gama S.a.f. - RJ,Praxedes,Y
172,Grêmio - RS,Reinaldo,Y
173,São Paulo - SP,Rafinha,Y
173,São Paulo - SP,Beraldo,Y
173,São Paulo - SP,Pablo,Y
173,São Paulo - SP,Rodrigo Nestor,Y
173,São Paulo - SP,David,Y
173,São Paulo - SP,Diego,Y
173,Atlético Mineiro - MG,Matheus Mendes,Y
173,Atlético Mineiro - MG,Pavon,Y
173,Atlético Mineiro - MG,Rodrigo Battaglia,Y
173,Atlético Mineiro - MG,Jemerson,Y
173,Atlético Mineiro - MG,Renzo Saravia,Y
174,Santos - SP,Joao Paulo,Y
174,Santos - SP,Lucas Lima,Y
174,Santos - SP,Mendoza,Y
174,Athletico Paranaense - PR,Vitor Bueno,Y
174,Athletico Paranaense - PR,Vitor Roque,Y
175,Goiás - GO,Edu,Y
175,Fortaleza - CE,Dudu,Y
175,Fortaleza - CE,Caio,Y
175,Fortaleza - CE,Lucero,Y
176,Cruzeiro Saf - MG,Luciano Castan,Y
176,Botafogo - RJ,Marcal,Y
176,Botafogo - RJ,Tiquinho,Y
177,Internacional - RS,Rochet,Y
177,Internacional - RS,Joao Lucas,Y
177,Internacional - RS,Bruno,Y
177,Internacional - RS,Carlos de Pena,R
177,Corinthians - SP,Roni,Y
177,Corinthians - SP,RUAN,Y
177,Corinthians - SP,Yuri Alberto,Y
178,Coritiba S.a.f. - PR,Andrey,Y
178,Coritiba S.a.f. - PR,Bruno Gomes,Y
178,Coritiba S.a.f. - PR,Jamerson,Y
178,Red Bull Bragantino - SP,Andres Hurtado,Y
178,Red Bull Bragantino - SP,J. Capixaba,Y
178,Red Bull Bragantino - SP,Cipriano,Y
178,Red Bull Bragantino - SP,Luan Candido,Y
178,Red Bull Bragantino - SP,Vitinho,Y
179,Bahia - BA,Cittadini,Y
179,Bahia - BA,Ademir,Y
179,Bahia - BA,Jacare,Y
179,Bahia - BA,Vitor Hugo,Y
179,America Saf - MG,Gonzalo Mastriani,Y
179,America Saf - MG,Martin Benitez,Y
179,America Saf - MG,Juninho,Y
179,America Saf - MG,Esteban Burgos,R
180,Cuiabá Saf - MT,Uendel,Y
180,Cuiabá Saf - MT,Raniele,Y
181,Flamengo - RJ,Wesley,Y
181,Flamengo - RJ,Gerson,Y
181,São Paulo - SP,Jandrei,Y
181,São Paulo - SP,Juan,Y
181,São Paulo - SP,Alan Franco,Y
181,São Paulo - SP,Welington,Y
181,São Paulo - SP,Rodrigo Nestor,Y
181,São Paulo - SP,Wellington Rato,Y
182,Botafogo - RJ,Janderson,Y
182,Botafogo - RJ,Adryelson,Y
182,Botafogo - RJ,Philipe,Y
182,Internacional - RS,Rochet,Y
182,Internacional - RS,Gabriel Mercado,Y
182,Internacional - RS,Gabriel,Y
183,Palmeiras - SP,Gustavo Gomez,Y
183,Palmeiras - SP,Vanderlan,Y
183,Cruzeiro Saf - MG,Matheus,Y
183,Cruzeiro Saf - MG,Palacios,Y
183,Cruzeiro Saf - MG,Gilberto,Y
184,Corinthians - SP,Fagner,Y
184,Corinthians - SP,Maycon,Y
184,Coritiba S.a.f. - PR,Henrique,Y
184,Coritiba S.a.f. - PR,Victor,Y
185,Red Bull Bragantino - SP,Aderlan,Y
185,Red Bull Bragantino - SP,J. Capixaba,Y
185,Red Bull Bragantino - SP,Alerrandro,Y
185,Vasco da Gama S.a.f. - RJ,Leo Jardim,Y
185,Vasco da Gama S.a.f. - RJ,Medel,Y
185,Vasco da Gama S.a.f. - RJ,Zé Gabriel,Y
185,Vasco da Gama S.a.f. - RJ,Marlon Gomes,Y
185,Vasco da Gama S.a.f. - RJ,Orellano,Y
186,Atlético Mineiro - MG,Pavon,Y
186,Atlético Mineiro - MG,Otavio,Y
187,Grêmio - RS,Fabio,Y
187,Grêmio - RS,Suarez,Y
187,Grêmio - RS,Villasanti,Y
187,Fluminense - RJ,Daniel,Y
187,Fluminense - RJ,André,Y
187,Fluminense - RJ,Samuel Xavier,Y
187,Fluminense - RJ,Marlon Santos,Y
188,Athletico Paranaense - PR,Cacá,Y
188,Athletico Paranaense - PR,Thiago Heleno,Y
188,Athletico Paranaense - PR,Fernandinho,Y
188,Athletico Paranaense - PR,Canobbio,Y
188,Athletico Paranaense - PR,Erick,Y
188,Cuiabá Saf - MT,RIKELME,Y
188,Cuiabá Saf - MT,ALAN,Y
188,Cuiabá Saf - MT,Deyverson,Y
189,Fortaleza - CE,Christian,Y
189,Fortaleza - CE,Machuca,Y
189,Santos - SP,Rodrigo,Y
190,America Saf - MG,Daniel Borges,R
190,Goiás - GO,Matheus Babi,Y
191,Fluminense - RJ,Jhon Arias,Y
191,America Saf - MG,Everaldo,Y
192,Vasco da Gama S.a.f. - RJ,Serginho,Y
192,Vasco da Gama S.a.f. - RJ,Praxedes,Y
192,Vasco da Gama S.a.f. - RJ,Medel,Y
192,Vasco da Gama S.a.f. - RJ,Paulinho,Y
192,Vasco da Gama S.a.f. - RJ,Gabriel Dias,Y
192,Vasco da Gama S.a.f. - RJ,Léo,Y
192,Atlético Mineiro - MG,Rodrigo Battaglia,Y
192,Atlético Mineiro - MG,Renzo Saravia,Y
192,Atlético Mineiro - MG,Jemerson,Y
193,São Paulo - SP,Luciano,Y
193,São Paulo - SP,Diego,Y
193,São Paulo - SP,Welington,Y
193,Botafogo - RJ,Tche Tche,Y
193,Botafogo - RJ,Di Placido,Y
194,Santos - SP,Joao Paulo,Y
194,Santos - SP,Joaquim,Y
194,Santos - SP,Yeferson Soteldo,Y
194,Santos - SP,Dodo,Y
194,Santos - SP,Marcos Leonardo,Y
194,Santos - SP,Julio Furch,Y
194,Grêmio - RS,R. Ely,Y
194,Grêmio - RS,Bruno Alves,Y
194,Grêmio - RS,Fabio,Y
194,Grêmio - RS,G. Martins,Y
194,Grêmio - RS,Reinaldo,R
195,Goiás - GO,Raphael Guzzo,Y
195,Goiás - GO,Bruno,Y
195,Athletico Paranaense - PR,VIDAL,Y
195,Athletico Paranaense - PR,Canobbio,Y
195,Athletico Paranaense - PR,Fernandinho,Y
195,Athletico Paranaense - PR,Erick,Y
196,Cruzeiro Saf - MG,Matheus,Y
196,Cruzeiro Saf - MG,Lucas Silva,Y
196,Cruzeiro Saf - MG,Arthur Gomes,Y
196,Corinthians - SP,Moscardo,Y
196,Corinthians - SP,Guilherme Biro,Y
196,Corinthians - SP,Caetano,Y
197,Internacional - RS,Rochet,Y
197,Internacional - RS,Pedro,Y
197,Internacional - RS,Nicolas Hernandez,Y
197,Internacional - RS,Bruno,Y
197,Fortaleza - CE,João Ricardo,Y
197,Fortaleza - CE,Pochettino,Y
197,Fortaleza - CE,Welison,Y
197,Fortaleza - CE,Thiago Galhardo,Y
197,Fortaleza - CE,Lucero,Y
198,Coritiba S.a.f. - PR,Kaio Lima,Y
198,Coritiba S.a.f. - PR,Robson,Y
198,Coritiba S.a.f. - PR,Matheus,Y
198,Flamengo - RJ,Bruno Henrique,Y
198,Flamengo - RJ,Ayrton Lucas,Y
198,Flamengo - RJ,Gerson,Y
199,Bahia - BA,Kanu,Y
199,Bahia - BA,Rezende,Y
199,Red Bull Bragantino - SP,Luan Patrick,Y
199,Red Bull Bragantino - SP,Aderlan,Y
199,Red Bull Bragantino - SP,Andres Hurtado,Y
199,Red Bull Bragantino - SP,Jadsom Silva,Y
199,Red Bull Bragantino - SP,Matheus Gonçalves,Y
200,Cuiabá Saf - MT,ALAN,Y
200,Cuiabá Saf - MT,Marllon,Y
200,Palmeiras - SP,Raphael Veiga,Y
200,Palmeiras - SP,Luan Garcia,Y
200,Palmeiras - SP,Murilo,Y
200,Palmeiras - SP,Jhon Jhon,Y
200,Palmeiras - SP,Ze Rafael,Y
200,Palmeiras - SP,Joaquin Piquerez,Y
201,Flamengo - RJ,Wesley,Y
201,Flamengo - RJ,Erick Pulgar,Y
201,Internacional - RS,Hugo Mallo,Y
201,Internacional - RS,Valencia,Y
201,Internacional - RS,Matheus,Y
202,Botafogo - RJ,Diego Costa,Y
202,Botafogo - RJ,Janderson,Y
202,Bahia - BA,Yago Felipe,Y
202,Bahia - BA,Mingotti,Y
202,Bahia - BA,Cauly,Y
203,Palmeiras - SP,Luan Garcia,Y
203,Palmeiras - SP,Richard Rios,Y
203,Vasco da Gama S.a.f. - RJ,Robson,Y
203,Vasco da Gama S.a.f. - RJ,Zé Gabriel,Y
203,Vasco da Gama S.a.f. - RJ,Paulinho,Y
204,Corinthians - SP,Léo Mana,Y
204,Corinthians - SP,Bruno Mendez,Y
204,Corinthians - SP,Lucas Verissimo,Y
204,Goiás - GO,Anderson,Y
205,Red Bull Bragantino - SP,J. Capixaba,Y
205,Red Bull Bragantino - SP,Thiago Borbas,Y
205,Red Bull Bragantino - SP,Yani Quintero,Y
205,Red Bull Bragantino - SP,Léo Realpe,Y
205,Cuiabá Saf - MT,Raniele,Y
205,Cuiabá Saf - MT,Marllon,Y
205,Cuiabá Saf - MT,Filipe Augusto,Y
206,Atlético Mineiro - MG,Otavio,Y
206,Atlético Mineiro - MG,Hulk,Y
206,Atlético Mineiro - MG,Mariano,Y
206,Atlético Mineiro - MG,Muricio Lemos,Y
206,Atlético Mineiro - MG,Rodrigo Battaglia,Y
206,Santos - SP,Dodi,Y
206,Santos - SP,Lucas,Y
207,Grêmio - RS,Gabriel Grando,Y
207,Grêmio - RS,Cuiabano,Y
207,Grêmio - RS,Suarez,Y
207,Cruzeiro Saf - MG,Neris,Y
207,Cruzeiro Saf - MG,Filipe Machado,Y
207,Cruzeiro Saf - MG,Marlon,Y
208,Athletico Paranaense - PR,Canobbio,Y
208,Athletico Paranaense - PR,VIDAL,Y
208,Athletico Paranaense - PR,Vitor Roque,Y
208,Athletico Paranaense - PR,Vinícius Kauê,R
208,Fluminense - RJ,Lima,Y
208,Fluminense - RJ,Yony Gonzalez,Y
208,Fluminense - RJ,Marlon Santos,Y
209,Fortaleza - CE,Christian,Y
209,Fortaleza - CE,Escobar,Y
209,Fortaleza - CE,Marinho,Y
209,Coritiba S.a.f. - PR,Sebastian Gomez,Y
209,Coritiba S.a.f. - PR,Jamerson,Y
209,Coritiba S.a.f. - PR,Hayner,Y
209,Coritiba S.a.f. - PR,Reynaldo,Y
209,Coritiba S.a.f. - PR,Robson,Y
209,Coritiba S.a.f. - PR,Matheus,Y
210,America Saf - MG,Breno Lemos,Y
210,America Saf - MG,Juninho,Y
210,America Saf - MG,Emmanuel Martinez,Y
210,America Saf - MG,Felipe Azevedo,Y
210,America Saf - MG,Iago,Y
210,America Saf - MG,Gonzalo Mastriani,R
210,São Paulo - SP,Matheus,Y
211,Fluminense - RJ,André,Y
211,Fluminense - RJ,John Kennedy,Y
211,Fluminense - RJ,Diogo Barbosa,Y
211,Fluminense - RJ,Samuel Xavier,Y
211,Fortaleza - CE,Welison,Y
211,Fortaleza - CE,Escobar,Y
211,Fortaleza - CE,Britez,Y
212,Botafogo - RJ,Victor Cuesta,Y
212,Botafogo - RJ,Gabriel,Y
212,Botafogo - RJ,Tche Tche,Y
212,Botafogo - RJ,Gabriel,R
212,Flamengo - RJ,Ayrton Lucas,Y
212,Flamengo - RJ,Bruno Henrique,Y
212,Flamengo - RJ,Fabricio Bruno,Y
213,São Paulo - SP,Luan Silva,Y
213,São Paulo - SP,Calleri,Y
213,Coritiba S.a.f. - PR,Victor,Y
213,Coritiba S.a.f. - PR,Robson,Y
213,Coritiba S.a.f. - PR,Henrique,Y
214,Corinthians - SP,Lucas Verissimo,Y
214,Corinthians - SP,Maycon,R
214,Palmeiras - SP,Gustavo Gomez,Y
214,Palmeiras - SP,Ze Rafael,Y
214,Palmeiras - SP,Murilo,R
215,Goiás - GO,Guilherme,Y
215,Goiás - GO,Magno Jose,R
215,Goiás - GO,Halter,R
215,Internacional - RS,WANDERSON,Y
215,Internacional - RS,Aranguiz,Y
215,Internacional - RS,Valencia,Y
215,Internacional - RS,Luiz Adriano,R
216,Cruzeiro Saf - MG,Rafael Papagaio,Y
216,Red Bull Bragantino - SP,J. Capixaba,Y
216,Red Bull Bragantino - SP,Vitinho,Y
216,Red Bull Bragantino - SP,Matheus Gonçalves,Y
216,Red Bull Bragantino - SP,Thiago Borbas,Y
216,Red Bull Bragantino - SP,Alerrandro,Y
217,Grêmio - RS,R. Ely,Y
217,Grêmio - RS,Galdino,Y
217,Cuiabá Saf - MT,Lucas,Y
218,Athletico Paranaense - PR,Vitor Roque,Y
218,Athletico Paranaense - PR,Fernandinho,R
218,Atlético Mineiro - MG,Everson,Y
218,Atlético Mineiro - MG,Jemerson,Y
218,Atlético Mineiro - MG,Hulk,Y
219,Bahia - BA,Vitor Hugo,Y
219,Bahia - BA,Gilberto,Y
219,Vasco da Gama S.a.f. - RJ,Léo,Y
219,Vasco da Gama S.a.f. - RJ,Medel,Y
219,Vasco da Gama S.a.f. - RJ,Jair,R
220,America Saf - MG,Javier Mendez,Y
220,Santos - SP,Jean,Y
220,Santos - SP,Mendoza,Y
220,Santos - SP,Yeferson Soteldo,Y
220,Santos - SP,Tomás Rincón,Y
220,Santos - SP,Yeferson Soteldo,R
221,Flamengo - RJ,Éverton Ribeiro,Y
221,Flamengo - RJ,Wesley,Y
221,Flamengo - RJ,Gabriel Barbosa,R
221,Athletico Paranaense - PR,Hugo Moura,Y
221,Athletico Paranaense - PR,Alex Santana,Y
222,Vasco da Gama S.a.f. - RJ,Vegetti,Y
222,Vasco da Gama S.a.f. - RJ,Puma Rodriguez,Y
222,Vasco da Gama S.a.f. - RJ,Gabriel Pec,Y
222,Vasco da Gama S.a.f. - RJ,Zé Gabriel,Y
222,Fluminense - RJ,Marlon Santos,Y
223,Palmeiras - SP,Rony,Y
223,Palmeiras - SP,Kevin,Y
223,Palmeiras - SP,Lopez,Y
223,Goiás - GO,Willian Oliveira,Y
223,Goiás - GO,Raphael Guzzo,R
224,Santos - SP,Joao,Y
224,Santos - SP,Rodrigo,Y
224,Santos - SP,Junior Caiçara,Y
224,Cruzeiro Saf - MG,Marlon,Y
224,Cruzeiro Saf - MG,Luciano Castan,Y
225,Red Bull Bragantino - SP,Aderlan,Y
225,Red Bull Bragantino - SP,Matheus Fernandes,Y
225,Red Bull Bragantino - SP,Helinho,Y
225,Red Bull Bragantino - SP,Eduardo Sasha,Y
225,Grêmio - RS,Villasanti,Y
225,Grêmio - RS,Kannemann,Y
226,Atlético Mineiro - MG,Zaracho,Y
226,Atlético Mineiro - MG,Mariano,Y
226,Botafogo - RJ,Di Placido,Y
227,Internacional - RS,Keiller,Y
227,Internacional - RS,Matheus,Y
227,Internacional - RS,Gabriel,Y
227,Internacional - RS,Gabriel Mercado,Y
227,Internacional - RS,Lucca,Y
227,São Paulo - SP,Rafinha,Y
227,São Paulo - SP,Diego,Y
227,São Paulo - SP,Pablo,Y
227,São Paulo - SP,Calleri,Y
228,Coritiba S.a.f. - PR,Hayner,Y
228,Coritiba S.a.f. - PR,Bruno Gomes,Y
228,Coritiba S.a.f. - PR,Thiago Dombroski,Y
228,Bahia - BA,Rezende,Y
229,Fortaleza - CE,Marinho,Y
229,Corinthians - SP,Gil,Y
229,Corinthians - SP,Bruno Mendez,Y
230,Cuiabá Saf - MT,Filipe Augusto,Y
230,America Saf - MG,Rodrigo,Y
230,America Saf - MG,Rodrigo Varanda,Y
230,America Saf - MG,Felipe Azevedo,Y
230,America Saf - MG,Danilo,Y
230,America Saf - MG,Danilo,R
231,Fluminense - RJ,Fabio,Y
231,Fluminense - RJ,Nino,Y
231,Fluminense - RJ,Keno,Y
231,Fluminense - RJ,Marcelo,Y
231,Fluminense - RJ,Felipe Melo,Y
231,Fluminense - RJ,André,Y
231,Cruzeiro Saf - MG,Wesley Ribeiro Silva,Y
232,Vasco da Gama S.a.f. - RJ,Sebastian Ferreira,Y
232,Coritiba S.a.f. - PR,Samaris,Y
232,Coritiba S.a.f. - PR,Willian Farias,Y
232,Coritiba S.a.f. - PR,BENJAMIN,Y
233,São Paulo - SP,Nathan,Y
233,São Paulo - SP,Diego,Y
233,São Paulo - SP,RODRIGUINHO,Y
233,Fortaleza - CE,João Ricardo,Y
233,Fortaleza - CE,Thiago Galhardo,Y
233,Fortaleza - CE,Marinho,Y
233,Fortaleza - CE,Christian,Y
233,Fortaleza - CE,Pedro,Y
233,Fortaleza - CE,Welison,Y
234,Corinthians - SP,Gil,Y
234,Corinthians - SP,Moscardo,Y
234,Corinthians - SP,Yuri Alberto,Y
234,Corinthians - SP,Fagner,Y
234,Botafogo - RJ,Diego Costa,Y
234,Botafogo - RJ,Tche Tche,Y
234,Botafogo - RJ,Marlon Freitas,Y
234,Botafogo - RJ,Adryelson,Y
234,Botafogo - RJ,Marcal,R
235,Goiás - GO,Julian,Y
235,Flamengo - RJ,Bruno Henrique,Y
235,Flamengo - RJ,Igor Jesus,Y
235,Flamengo - RJ,Fabricio Bruno,Y
236,Atlético Mineiro - MG,Otavio,Y
236,Atlético Mineiro - MG,Muricio Lemos,Y
236,Atlético Mineiro - MG,Pedrinho,Y
236,Cuiabá Saf - MT,Lucas,Y
236,Cuiabá Saf - MT,Marllon,Y
236,Cuiabá Saf - MT,Denilson,Y
237,Grêmio - RS,Gabriel Grando,Y
237,Grêmio - RS,R. Ely,Y
237,Grêmio - RS,Joao Pedro,Y
237,Grêmio - RS,Villasanti,R
237,Palmeiras - SP,Marcos Rocha,Y
237,Palmeiras - SP,Gabriel Menino,Y
237,Palmeiras - SP,Mayke,Y
238,Athletico Paranaense - PR,Thiago Heleno,Y
238,Athletico Paranaense - PR,Pablo,Y
238,Athletico Paranaense - PR,Vitor Bueno,Y
238,Internacional - RS,BUSTOS,Y
238,Internacional - RS,Carlos de Pena,Y
238,Internacional - RS,Matheus,Y
238,Internacional - RS,WANDERSON,Y
238,Internacional - RS,Nicolas Hernandez,Y
239,Bahia - BA,Mugni,Y
239,Santos - SP,Lucas Lima,Y
239,Santos - SP,Joaquim,Y
240,Red Bull Bragantino - SP,Lucas Rafael,Y
240,Red Bull Bragantino - SP,Matheus Fernandes,Y
241,Flamengo - RJ,Thiago Maia,Y
241,Bahia - BA,Yago Felipe,Y
241,Bahia - BA,Rezende,Y
241,Bahia - BA,Kanu,R
242,Botafogo - RJ,Lucas Perri,Y
242,Botafogo - RJ,Diego Costa,Y
242,Botafogo - RJ,Joao Victor,Y
242,Botafogo - RJ,Tiquinho,Y
242,Goiás - GO,Halter,Y
242,Goiás - GO,Magno Jose,Y
242,Goiás - GO,Allano,Y
242,Goiás - GO,Morelli,Y
243,São Paulo - SP,Rafinha,Y
243,São Paulo - SP,Beraldo,Y
243,São Paulo - SP,Wellington Rato,Y
243,São Paulo - SP,Calleri,Y
243,São Paulo - SP,Gabriel Neves,Y
243,Corinthians - SP,Mosquito,Y
243,Corinthians - SP,Angel Romero,Y
244,Santos - SP,Joao Paulo,Y
244,Santos - SP,Dodo,Y
244,Santos - SP,Yeferson Soteldo,Y
244,Santos - SP,Dodi,Y
244,Santos - SP,Tomás Rincón,Y
244,Santos - SP,Lucas Lima,R
244,Vasco da Gama S.a.f. - RJ,Sebastian Ferreira,Y
244,Vasco da Gama S.a.f. - RJ,Medel,R
245,Red Bull Bragantino - SP,Cleiton,Y
245,Red Bull Bragantino - SP,Evangelista,Y
245,Red Bull Bragantino - SP,Aderlan,Y
245,Red Bull Bragantino - SP,Thiago Borbas,Y
245,Palmeiras - SP,Vanderlan,Y
245,Palmeiras - SP,Luan Garcia,Y
246,Cruzeiro Saf - MG,Wesley Ribeiro Silva,Y
246,Cruzeiro Saf - MG,Bruno Rodrigues,Y
246,Cruzeiro Saf - MG,Matheus,Y
246,Cruzeiro Saf - MG,Fernando,R
246,America Saf - MG,Aguerre,Y
246,America Saf - MG,Ale,Y
246,America Saf - MG,Esteban Burgos,Y
247,Internacional - RS,Igor Gomes,Y
247,Internacional - RS,Hugo Mallo,R
247,Atlético Mineiro - MG,Paulinho,Y
248,Coritiba S.a.f. - PR,Marcelino Moreno,Y
248,Coritiba S.a.f. - PR,Diogo,Y
248,Athletico Paranaense - PR,Canobbio,Y
248,Athletico Paranaense - PR,Cuello,Y
248,Athletico Paranaense - PR,Thiago Heleno,Y
248,Athletico Paranaense - PR,Cacá,Y
249,Fortaleza - CE,Marcelo,Y
249,Grêmio - RS,Nathan,Y
249,Grêmio - RS,Besozzi,Y
250,Cuiabá Saf - MT,ALAN,Y
250,Cuiabá Saf - MT,Lucas,Y
250,Cuiabá Saf - MT,Fernando,Y
250,Fluminense - RJ,Lima,Y
250,Fluminense - RJ,Thiago Santos,Y
250,Fluminense - RJ,Martinelli,R
251,Fluminense - RJ,John Kennedy,Y
251,Fluminense - RJ,Keno,Y
251,Botafogo - RJ,Tche Tche,Y
251,Botafogo - RJ,Marlon Freitas,Y
252,Vasco da Gama S.a.f. - RJ,Paulinho,Y
252,Vasco da Gama S.a.f. - RJ,Figueiredo,Y
252,Vasco da Gama S.a.f. - RJ,Maicon,Y
252,Vasco da Gama S.a.f. - RJ,Léo,Y
252,São Paulo - SP,Nathan,Y
253,Palmeiras - SP,Ze Rafael,Y
253,Palmeiras - SP,Richard Rios,Y
253,Santos - SP,Morelos,Y
253,Santos - SP,Tomás Rincón,Y
253,Santos - SP,Camacho,Y
254,Corinthians - SP,Fagner,Y
254,Corinthians - SP,Lucas Verissimo,Y
254,Corinthians - SP,Moscardo,Y
254,Flamengo - RJ,Erick Pulgar,Y
254,Flamengo - RJ,Bruno Henrique,Y
254,Flamengo - RJ,Leo Pereira,Y
255,Goiás - GO,Halter,Y
255,Goiás - GO,Bruno,Y
255,Bahia - BA,Biel,Y
255,Bahia - BA,Rezende,Y
256,Atlético Mineiro - MG,Otavio,Y
256,Atlético Mineiro - MG,Muricio Lemos,Y
256,Coritiba S.a.f. - PR,Robson,Y
256,Coritiba S.a.f. - PR,Henrique,Y
257,Internacional - RS,Nicolas Hernandez,Y
257,Internacional - RS,Valencia,Y
257,Internacional - RS,Gabriel Mercado,Y
257,Internacional - RS,Joao Lucas,Y
257,Internacional - RS,Igor Gomes,Y
257,Internacional - RS,Rene,Y
257,Grêmio - RS,Ferreira,Y
257,Grêmio - RS,Kannemann,Y
257,Grêmio - RS,Villasanti,Y
257,Grêmio - RS,Geromel,Y
258,Athletico Paranaense - PR,Fernandinho,Y
258,Athletico Paranaense - PR,Canobbio,Y
258,Red Bull Bragantino - SP,Aderlan,Y
258,Red Bull Bragantino - SP,Raul,Y
258,Red Bull Bragantino - SP,J. Capixaba,Y
258,Red Bull Bragantino - SP,Helinho,Y
259,Fortaleza - CE,Britez,Y
259,Fortaleza - CE,Machuca,Y
259,America Saf - MG,Ricardo Silva,Y
260,Cruzeiro Saf - MG,Filipe Machado,Y
260,Cruzeiro Saf - MG,Lucas Oliveira,Y
260,Cruzeiro Saf - MG,Arthur Gomes,Y
261,Fluminense - RJ,German Cano,Y
261,Fluminense - RJ,Marcelo,Y
261,Fluminense - RJ,Lima,Y
261,Fluminense - RJ,Felipe Melo,R
261,Corinthians - SP,Maycon,Y
261,Corinthians - SP,Pedrinho,Y
261,Corinthians - SP,Yuri Alberto,Y
262,Vasco da Gama S.a.f. - RJ,Marlon Gomes,Y
262,Vasco da Gama S.a.f. - RJ,Gabriel Pec,Y
262,Vasco da Gama S.a.f. - RJ,Mateus Carvalho,Y
262,Fortaleza - CE,Yago,Y
262,Fortaleza - CE,Escobar,Y
263,Palmeiras - SP,Endrick,Y
263,Palmeiras - SP,Gustavo Gomez,Y
263,Palmeiras - SP,Jhon Jhon,Y
263,Palmeiras - SP,Rony,Y
263,Palmeiras - SP,Fabinho,Y
263,Palmeiras - SP,Kevin,Y
263,Atlético Mineiro - MG,Zaracho,Y
263,Atlético Mineiro - MG,Rubens,Y
263,Atlético Mineiro - MG,Alan Franco,Y
264,Santos - SP,Joao Paulo,Y
264,Santos - SP,Jean,Y
264,Santos - SP,Nonato,Y
264,Santos - SP,Dodi,Y
264,Red Bull Bragantino - SP,Luan Patrick,Y
265,Goiás - GO,Sidimar,Y
265,Goiás - GO,Matheus Babi,Y
265,Goiás - GO,Allano,Y
265,Goiás - GO,Willian Oliveira,Y
265,São Paulo - SP,Caio Paulista,Y
265,São Paulo - SP,Rafinha,Y
265,São Paulo - SP,Pablo,Y
266,Cruzeiro Saf - MG,Palacios,Y
266,Cruzeiro Saf - MG,Marlon,Y
266,Cruzeiro Saf - MG,Wesley Ribeiro Silva,Y
266,Flamengo - RJ,ROSSI,Y
266,Flamengo - RJ,Thiago Maia,Y
267,Grêmio - RS,Suarez,Y
267,Grêmio - RS,Reinaldo,Y
267,Grêmio - RS,Reinaldo,R
267,Athletico Paranaense - PR,Lucas Esquivel,Y
267,Athletico Paranaense - PR,Alex Santana,Y
267,Athletico Paranaense - PR,Cuello,Y
267,Athletico Paranaense - PR,Kaique,Y
267,Athletico Paranaense - PR,Canobbio,Y
267,Athletico Paranaense - PR,Thiago Heleno,Y
268,Cuiabá Saf - MT,ALAN,Y
268,Cuiabá Saf - MT,Raniele,Y
269,Bahia - BA,Rezende,Y
269,Internacional - RS,Vitão,Y
269,Internacional - RS,Lucca,R
270,America Saf - MG,Ale,Y
270,Botafogo - RJ,Junior,Y
271,Flamengo - RJ,Fabricio Bruno,Y
271,Vasco da Gama S.a.f. - RJ,Paulo Henrique,Y
271,Vasco da Gama S.a.f. - RJ,Paulinho,Y
272,Botafogo - RJ,Carlos,Y
272,Botafogo - RJ,Joao Victor,Y
272,Athletico Paranaense - PR,Kaique,Y
273,São Paulo - SP,Pablo,Y
273,Grêmio - RS,Josue,Y
273,Grêmio - RS,Suarez,Y
273,Grêmio - RS,Kannemann,Y
274,Corinthians - SP,Fagner,Y
274,Corinthians - SP,Wesley,Y
274,America Saf - MG,Ricardo Silva,Y
274,America Saf - MG,Wellington Paulista,Y
275,Red Bull Bragantino - SP,Vitinho,Y
275,Red Bull Bragantino - SP,Evangelista,Y
275,Red Bull Bragantino - SP,Matheus Fernandes,Y
275,Fluminense - RJ,Jhon Arias,Y
275,Fluminense - RJ,Samuel Xavier,Y
276,Atlético Mineiro - MG,Bruno Fuchs,Y
276,Atlético Mineiro - MG,Zaracho,Y
276,Atlético Mineiro - MG,Muricio Lemos,Y
276,Cruzeiro Saf - MG,Matheus,Y
276,Cruzeiro Saf - MG,Neris,Y
276,Cruzeiro Saf - MG,Rafael Papagaio,Y
277,Internacional - RS,Rene,Y
277,Santos - SP,Nonato,Y
278,Coritiba S.a.f. - PR,Natanael Milouski,Y
278,Palmeiras - SP,Richard Rios,Y
279,Bahia - BA,Thaciano,Y
279,Bahia - BA,Cauly,Y
279,Bahia - BA,Raul Gustavo,Y
279,Bahia - BA,Camilo Cándido,Y
279,Bahia - BA,Yago Felipe,Y
279,Fortaleza - CE,Bruno Pacheco,Y
279,Fortaleza - CE,Britez,Y
279,Fortaleza - CE,Lucas,Y
280,Cuiabá Saf - MT,RIKELME,Y
280,Goiás - GO,Tadeu,Y
280,Goiás - GO,Morelli,Y
280,Goiás - GO,Raphael Guzzo,Y
281,Fluminense - RJ,Marlon Santos,Y
281,Fluminense - RJ,German Cano,Y
281,Fluminense - RJ,André,Y
281,Fluminense - RJ,PH GANSO,Y
281,Goiás - GO,Julian,Y
281,Goiás - GO,Guilherme,Y
282,Vasco da Gama S.a.f. - RJ,Zé Gabriel,Y
282,Vasco da Gama S.a.f. - RJ,Paulinho,R
282,Vasco da Gama S.a.f. - RJ,Erick Marcus,R
282,Internacional - RS,Rochet,Y
282,Internacional - RS,Carlos de Pena,Y
282,Internacional - RS,Gabriel Mercado,Y
282,Internacional - RS,WANDERSON,Y
283,Palmeiras - SP,Endrick,Y
283,Palmeiras - SP,Ze Rafael,Y
283,Palmeiras - SP,Raphael Veiga,Y
283,São Paulo - SP,Beraldo,Y
283,São Paulo - SP,Wellington Rato,Y
283,São Paulo - SP,Rafinha,R
284,Santos - SP,Joaquim,Y
284,Santos - SP,Julio Furch,Y
284,Coritiba S.a.f. - PR,Matheus,Y
284,Coritiba S.a.f. - PR,Robson,Y
284,Coritiba S.a.f. - PR,Fransergio,Y
284,Coritiba S.a.f. - PR,Willian Farias,R
285,Red Bull Bragantino - SP,Léo Ortiz,Y
285,Red Bull Bragantino - SP,Aderlan,Y
285,Atlético Mineiro - MG,Everson,Y
285,Atlético Mineiro - MG,Pavon,Y
285,Atlético Mineiro - MG,Otavio,Y
285,Atlético Mineiro - MG,Renzo Saravia,Y
286,Cruzeiro Saf - MG,Lucas Silva,Y
286,Cruzeiro Saf - MG,Filipe Machado,Y
286,Bahia - BA,Cauly,Y
286,Bahia - BA,Camilo Cándido,Y
287,Grêmio - RS,Kannemann,Y
287,Grêmio - RS,Ferreira,Y
287,Grêmio - RS,Geromel,Y
287,Flamengo - RJ,Leo Pereira,Y
287,Flamengo - RJ,Luiz,Y
287,Flamengo - RJ,Erick Pulgar,Y
287,Flamengo - RJ,Éverton Ribeiro,Y
288,America Saf - MG,Nicolas,Y
290,Cuiabá Saf - MT,Fernando,Y
290,Corinthians - SP,Fabio Santos,Y
290,Corinthians - SP,Bruno Mendez,Y
290,Corinthians - SP,Gil,Y
