Clube,Camisa,Apelido,Nome
Corinthians - SP,0,Bolt,Abimael Pereira Maia
Bahia - BA,0,Ademir,Ademir da Silva Santos Junior
Flamengo - RJ,1,Santos,Aderbar Melo dos Santos Neto
Red Bull Bragantino - SP,13,Aderlan,Aderlan de Lima Silva
America Saf - MG,8,Juninho,Adilson dos Anjos Oliveira
Flamengo - RJ,0,Adriel,Adriel Guilherme de Moraes
Bahia - BA,0,Adriel,Adriel Vasconcelos Ramos
Corinthians - SP,0,Adryan Silva,Adryan Bezerra Silva
Botafogo - RJ,34,Adryelson,Adryelson Shawann Lima Silva
America Saf - MG,44,ADYSON,Adyson do Nascimento Soares
Fluminense - RJ,0,Agner,Agner Moura Izigethy de Souza
Athletico Paranaense - PR,14,Canobbio,Agustin Canobbio Graviz
Flamengo - RJ,0,ROSSI,Agustin Daniel Rossi
São Paulo - SP,28,Alan Franco,Alan Javier Franco
Atlético Mineiro - MG,0,Alan Kardec,Alan Kardec de Souza Pereira Junior
Internacional - RS,10,Alan Patrick,Alan Patrick Lourenço
Cuiabá Saf - MT,33,ALAN,Alan Pereira Empereur
Atlético Mineiro - MG,0,Alan Franco,Alan Steven Franco Palma
Grêmio - RS,0,Ferreira,Aldemir dos Santos Ferreira
Red Bull Bragantino - SP,9,Alerrandro,Alerrandro Barra Mansa Realino de Souza
Goiás - GO,27,Alesson,Alesson dos Santos Batista
Santos - SP,0,Alex,Alex de Oliveira Nascimento
Bahia - BA,0,Alex,Alex Ferreira de Souza Junior
Athletico Paranaense - PR,0,Alex Santana,Alex Paulo Menezes Santana
Vasco da Gama S.a.f. - RJ,7,Alex Teixeira,Alex Teixeira Santos
America Saf - MG,16,Ale,Alexandre Egea
Atlético Mineiro - MG,0,Alexandre Lopes,Alexandre Lopes Gomes
São Paulo - SP,0,Alexandre Pato,Alexandre Rodrigues da Silva
Fluminense - RJ,5,Alexsander,Alexsander Cristhian Gomes da Costa
Fortaleza - CE,0,Alexsandro,Alexsandro Amorim de Freitas Filho
Santos - SP,0,Morelos,Alfredo Jose Morelos Avilez
Santos - SP,5,Alison,Alison Lopes Ferreira
São Paulo - SP,7,Alisson,Alisson Euler de Freitas Castro
Atlético Mineiro - MG,0,Alisson Santana,Alisson Santana Lopes da Fonseca
Palmeiras - SP,0,Allan,Allan Andrade Elias
Internacional - RS,0,Allan,Allan Aniz Santos da Paixão
Flamengo - RJ,0,Allan,Allan Rodrigues de Souza
Goiás - GO,0,Allano,Allano Brendon de Souza Lima
Cuiabá Saf - MT,34,Allyson,Allyson Aires dos Santos
America Saf - MG,99,Aloisio,Aloisio dos Santos Goncalves
Goiás - GO,0,Anderson,Anderson de Oliveira da Silva
Internacional - RS,0,ANDERSON,Anderson Santos Dias Gomes
Cruzeiro Saf - MG,98,Anderson Paixão,Anderson Silva da Paixão
Red Bull Bragantino - SP,0,André Jr.,André Cardoso da Silva Junior
Bahia - BA,0,André Dhominique,Andre Dhominique Queiroz Santiago da Silva
Grêmio - RS,77,Andre,Andre Henrique da Silva Martins
Fluminense - RJ,7,André,André Trindade da Costa Neto
Coritiba S.a.f. - PR,0,Samaris,Andreas Samaris
Coritiba S.a.f. - PR,0,Andrey,Andrey Ramos do Nascimento
Corinthians - SP,11,Angel Romero,Angel Rodrigo Romero Villamayor
Internacional - RS,0,Anthoni,Anthoni Spier Souza
Internacional - RS,0,David,Antonio David Souza de Araujo
Cruzeiro Saf - MG,0,Arthur Gomes,Arthur Gomes Lourenco
Corinthians - SP,0,ARTHUR SOUSA,Arthur Sousa Araujo
Fluminense - RJ,0,ARTHUR,Arthur Wenderrosky Sanches
Athletico Paranaense - PR,0,Zanella,Arthur Zanella Koerich
Palmeiras - SP,14,Artur,Artur Victor Guimaraes
Athletico Paranaense - PR,0,VIDAL,Arturo Erasmo Vidal Pardo
Atlético Mineiro - MG,0,Athyrson,Athyrson Ferreira Prates
Flamengo - RJ,6,Ayrton Lucas,Ayrton Lucas Dantas de Medeiros
Botafogo - RJ,0,Bastos,Bartolomeu Jacinto Quissanga
Coritiba S.a.f. - PR,0,BENJAMIN,Benjamin Kuscevic Jaramillo
Athletico Paranaense - PR,1,Bento,Bento Matheus Krepski
Botafogo - RJ,0,Bernardo Valim,Bernardo da Silva Rocha Valim
Fortaleza - CE,0,Bernardo,Bernardo Schappo
America Saf - MG,0,Breno Lemos,Breno Cascardo Lemos
Corinthians - SP,0,Bidon,Breno de Souza Bidon
Palmeiras - SP,19,Breno,Breno Henrique Vasconcelos Lopes
Goiás - GO,0,Breno,Breno Herculano Almeida
Santos - SP,0,Breno,Breno Silvano Sossai
Goiás - GO,19,Bruno,Bruno Araujo Santos
Goiás - GO,13,Bruno,Bruno Araujo Santos
Vasco da Gama S.a.f. - RJ,0,Praxedes,Bruno Conceicao Praxedes
Athletico Paranaense - PR,0,Bruno Peres,Bruno da Silva Peres
Fortaleza - CE,6,Bruno Pacheco,Bruno de Jesus Pacheco
Atlético Mineiro - MG,3,Bruno Fuchs,Bruno de Lara Fuchs
Grêmio - RS,34,Bruno Alves,Bruno Fabiano Alves
Cruzeiro Saf - MG,0,BRUNO ALVES,Bruno Ferreira Alves
Goiás - GO,19,Bruno,Bruno Ferreira Melo
Goiás - GO,13,Bruno,Bruno Ferreira Melo
Santos - SP,88,Bruno Mezenga,Bruno Ferreira Mombra Rosa
Coritiba S.a.f. - PR,0,Bruno Gomes,Bruno Gomes da Silva Clevelario
Red Bull Bragantino - SP,17,Bruninho,Bruno Gonçalves de Jesus
Fortaleza - CE,0,Bruno,Bruno Guimarães de Souza
Internacional - RS,0,Bruno,Bruno Henrique Corsini
Flamengo - RJ,27,Bruno Henrique,Bruno Henrique Pinto
Corinthians - SP,25,Bruno Mendez,Bruno Mendez Cittadini
Cruzeiro Saf - MG,9,Bruno Rodrigues,Bruno Rafael Rodrigues do Nascimento
Grêmio - RS,15,Uvini,Bruno Uvini Bortolanca
Athletico Paranaense - PR,0,Zapelli,Bruno Zapelli
Fortaleza - CE,8,Caio,Caio Alexandre Sousa E Silva
Atlético Mineiro - MG,0,Caio Maia,Caio da Silva Maia
Fortaleza - CE,0,Caio Dantas,Caio Dantas Batista de Maria
São Paulo - SP,38,Caio Paulista,Caio Fernando de Oliveira
Atlético Mineiro - MG,0,CAIO RIBAS,Caio Henrique Ribas Dias de Araujo
São Paulo - SP,0,CAIO,Caio Matheus da Silva
Fluminense - RJ,0,Caio Vinicius,Caio Vinicius da Conceicao
Flamengo - RJ,0,Caio,Caio Vinicius Garcia Guilhen
Grêmio - RS,0,Caique,Caique Luiz Santos da Purificacao
Fortaleza - CE,27,Calebe,Calebe Gonçalves Ferreira da Silva
Cuiabá Saf - MT,0,CALEBE,Calebe Oliveira Costa
Bahia - BA,0,Camilo Cándido,Camilo Damian Candido Aquino
Botafogo - RJ,0,Carlos Alberto,Carlos Alberto Gomes da Silva Filho
Cruzeiro Saf - MG,0,Carlos Gomez,Carlos Daniel Gomez Ccasani
Athletico Paranaense - PR,0,Cacá,Carlos de Menezes Junior
Atlético Mineiro - MG,42,Cadu,Carlos Eduardo Amaral Pereira de Castro
Santos - SP,0,Cadu Silva,Carlos Eduardo Bertolassi da Silva
Botafogo - RJ,33,Carlos,Carlos Eduardo de Oliveira Alves
Vasco da Gama S.a.f. - RJ,0,Cadu Neves,Carlos Eduardo Piekny Neves
Athletico Paranaense - PR,0,Biro,Carlos Eduardo Santos
Corinthians - SP,4,Gil,Carlos Gilberto do Nascimento Silva
Internacional - RS,14,Carlos de Pena,Carlos Maria de Pena Bonino
Corinthians - SP,22,Carlos,Carlos Miguel dos Santos Pereira
Vasco da Gama S.a.f. - RJ,0,Sebastian Ferreira,Carlos Sebastian Ferreira Vidal
Grêmio - RS,0,Cássio,Cassio Penafiel Acosta
Corinthians - SP,12,Cássio,Cassio Ramos
Vasco da Gama S.a.f. - RJ,0,Paixão,Cauã Paixão Souza
Vasco da Gama S.a.f. - RJ,88,Barros,Cauan Lucas Barros da Luz
Bahia - BA,0,Cauly,Cauly Oliveira Souza
Internacional - RS,0,Aranguiz,Charles Mariano Aranguiz Sandoval
Fortaleza - CE,4,Christian,Christian Chagas Tarouco
Athletico Paranaense - PR,88,Christian,Christian Roberto Alves Cardoso
Fluminense - RJ,23,Guga,Claudio Rodrigues Gomes
Cuiabá Saf - MT,0,Clayson,Clayson Henrique da Silva Vieira
Flamengo - RJ,0,CLEITON,Cleiton Santana dos Santos
Red Bull Bragantino - SP,1,Cleiton,Cleiton Schwengber
Atlético Mineiro - MG,9,Pavon,Cristian David Pavon
Internacional - RS,0,Dalbert,Dalbert Henrique Chagas Estevão
Coritiba S.a.f. - PR,0,Marcelino Moreno,Damian Marcelino Moreno
Atlético Mineiro - MG,0,Daniel Borges,Daniel Borges da Silva
Goiás - GO,0,Nolasco,Daniel Camargo Nolasco
Flamengo - RJ,0,Daniel Sales,Daniel dos Santos Sales
America Saf - MG,0,Daniel Borges,Daniel Fortunato Borges
Flamengo - RJ,0,Daniel Rogerio,Daniel Rogerio de Oliveira
Fluminense - RJ,0,Daniel,Daniel Sampaio Simoes
Athletico Paranaense - PR,87,Danielzinho,Daniel Sergio Martins
Botafogo - RJ,5,Danilo,Danilo Barbosa da Silva
Botafogo - RJ,6,Tche Tche,Danilo das Neves Pinheiro
Bahia - BA,0,Danilo Fernandes,Danilo Fernandes Batista
America Saf - MG,22,Danilo,Danilo Fernando Avelar
Flamengo - RJ,0,Darlan,Darlan Batista Cobo da Silva
Fluminense - RJ,0,Davi Schuindt,Davi Duarte Schuindt
Fluminense - RJ,44,David Braz,David Braz de Oliveira Filho
São Paulo - SP,22,David,David Correa da Fonseca
Bahia - BA,0,David Duarte,David de Duarte Macedo
Palmeiras - SP,0,David,David Kauã Ramos
Flamengo - RJ,0,David Luiz,David Luiz Moreira Marinho
Botafogo - RJ,0,David Sousa,David Sousa Albino
Cuiabá Saf - MT,27,Denilson,Denilson Alves Borges
Goiás - GO,0,DENZEL,Denzel Nogueira Damasceno
Cuiabá Saf - MT,0,DERIK,Derik Gean Severino Lacerda
Cuiabá Saf - MT,16,Deyverson,Deyverson Brum Silva
Botafogo - RJ,0,Diego Costa,Diego da Silva Costa
Flamengo - RJ,0,Diego Santos,Diego Damasceno dos Santos
Atlético Mineiro - MG,0,Diego Fernandes,Diego Fernandes Simoes
Bahia - BA,0,Diego Rosa,Diego Gabriel Silva Rosa
Goiás - GO,11,Diego,Diego Goncalves
São Paulo - SP,4,Diego,Diego Henrique Costa Barbosa
Botafogo - RJ,0,Diego Hernandez,Diego Manuel Hernandez Gonzalez
Vasco da Gama S.a.f. - RJ,0,Payet,Dimitri Payet
Santos - SP,0,Diogenes,Diogenes Vinicius da Silva
Fluminense - RJ,0,Diogo Barbosa,Diogo Barbosa Mendanha
Coritiba S.a.f. - PR,0,Diogo Batista,Diogo Batista de Souza
Coritiba S.a.f. - PR,0,Diogo,Diogo de Oliveira Barbosa
Cruzeiro Saf - MG,0,DORIVAL,Dorival Silva de Oliveira
Santos - SP,19,Dodi,Douglas Moreira Fagundes
Cuiabá Saf - MT,0,Dyego,Dyego Luis da Paz Nascimento
Botafogo - RJ,0,Dylan,Dylan Antonio Talero Arredondo
Coritiba S.a.f. - PR,0,Eberth,Eberth Araujo Nogueira
Santos - SP,0,Ed Carlos,Ed Carlos de Arruda Amorim
Atlético Mineiro - MG,8,Edenilson,Edenilson Andrade dos Santos
America Saf - MG,33,Eder,Eder Ferreira Graminho
Bahia - BA,0,Juninho,Edivan Vitor da Silva Junior
Palmeiras - SP,0,EDNEY,Edney Henrique Santos da Silva
Palmeiras - SP,0,Atuesta,Eduard Andres Atuesta Velasco
Red Bull Bragantino - SP,19,Eduardo Sasha,Eduardo Colcenti Antunes
Botafogo - RJ,0,Eduardo,Eduardo Fernandes Rodrigues de Souza
Red Bull Bragantino - SP,26,Eduardo,Eduardo Gonzaga Mendes Santos
Atlético Mineiro - MG,11,Vargas,Eduardo Jesus Vargas Rojas
Athletico Paranaense - PR,0,Dudu,Eduardo Kogitzki Anastacio
Coritiba S.a.f. - PR,0,Edu,Eduardo Nascimento da Silva Junior
Palmeiras - SP,7,Dudu,Eduardo Pereira Rodrigues
Goiás - GO,0,Simioni,Eduardo Simioni
Cuiabá Saf - MT,0,Eduardo,Eduardo Vinicius Rodrigues dos Santos
Fortaleza - CE,19,Britez,Emanuel Britez
Internacional - RS,12,Emerson Junior,Emerson Fabiano Kerber Junior
Cuiabá Saf - MT,17,Emerson,Emerson Ramon Bezerra Oliveira
Athletico Paranaense - PR,0,Emersonn,Emersonn Correia da Silva
Palmeiras - SP,9,Endrick,Endrick Felipe Moreira de Sousa
Internacional - RS,0,Valencia,Enner Remberto Valencia Lastra
Bahia - BA,0,Eric,Eric dos Santos do Carmo
Red Bull Bragantino - SP,7,Eric Ramires,Eric dos Santos Rodrigues
Flamengo - RJ,0,Erick Pulgar,Erick Antonio Pulgar Farfan
Athletico Paranaense - PR,26,Erick,Erick Luis Conrado Carvalho
Vasco da Gama S.a.f. - RJ,16,Erick Marcus,Erick Marcus dos Santos Oliveira do Carmo
Fluminense - RJ,0,Erick,Erick Nunes Barbosa dos Santos
São Paulo - SP,0,Erison,Erison Danilo de Souza
America Saf - MG,0,Esteban Burgos,Esteban Rodrigo Burgos
Internacional - RS,26,Estevao,Estevao Barreto de Oliveira
Palmeiras - SP,0,Estevão,Estevao Willian Almeida de Oliveira Goncalves
Flamengo - RJ,0,Euder,Euder Galdino da Silva
America Saf - MG,37,Everaldo,Everaldo Silva do Nascimento
Bahia - BA,0,Everaldo,Everaldo Stum
Atlético Mineiro - MG,22,Everson,Everson Felipe Marques Pires
Flamengo - RJ,7,Éverton Ribeiro,Everton Augusto de Barros Ribeiro
Grêmio - RS,13,Galdino,Everton Galdino Moreira
Goiás - GO,40,Morelli,Everton Morelli Casimiro
Flamengo - RJ,11,Everton,Everton Sousa Soares
Red Bull Bragantino - SP,43,Everton,Everton Tiago Barella de Souza Messias
Flamengo - RJ,0,Evertton,Evertton Gustavo Fernandes Araujo
Goiás - GO,0,Ezequiel,Ezequiel Alves de Oliveira Vieira
Botafogo - RJ,0,Fabiano,Fabiano Rodrigues Pereira
Fluminense - RJ,1,Fabio,Fabio Deivson Lopes Maciel
Grêmio - RS,0,Fabio,Fabio Pereira da Silva
Corinthians - SP,6,Fabio Santos,Fabio Santos Romeu
Palmeiras - SP,35,Fabinho,Fabio Silva de Freitas
Flamengo - RJ,15,Fabricio Bruno,Fabricio Bruno Soares de Faria
Fortaleza - CE,0,Fabrício,Fabrício Dias Afonso
Red Bull Bragantino - SP,0,Fabricio,Fabricio Oliveira de Souza
Internacional - RS,0,BUSTOS,Fabricio Tomas Bustos Sein
Corinthians - SP,23,Fagner,Fagner Conserva Lemos
Corinthians - SP,5,Fausto,Fausto Mariano Vera
Atlético Mineiro - MG,15,Zaracho,Federico Matias Zaracho
São Paulo - SP,1,Felipe,Felipe Alves Raymundo
Corinthians - SP,0,Felipe Augusto,Felipe Augusto da Silva
America Saf - MG,11,Felipe Azevedo,Felipe Azevedo dos Santos
Athletico Paranaense - PR,0,Chiqueti,Felipe Chiqueti Bandeira
Flamengo - RJ,0,Felipe,Felipe de Almeida Lima
Fluminense - RJ,0,Felipe Andrade,Felipe de Andrade Vieira
Red Bull Bragantino - SP,0,Felipe Motta,Felipe de Souza Motta Marins
Flamengo - RJ,0,FELIPE GABRIEL,Felipe Gabriel Cunha Teresa
Grêmio - RS,0,Carballo,Felipe Ignacio Carballo Ares
Santos - SP,3,Felipe,Felipe Jonatan Rocha Andrade
Corinthians - SP,0,FELIPE,Felipe Longo Fernandes da Silva
Grêmio - RS,41,Felipe,Felipe Mateus Scheibig
Fluminense - RJ,30,Felipe Melo,Felipe Melo de Carvalho
São Paulo - SP,1,Felipe,Felipe Negrucci Berdague
Athletico Paranaense - PR,6,Fernando,Fernando Augusto Pereira Bueno Junior
Cruzeiro Saf - MG,0,Fernando,Fernando Henrique do Nascimento Pereira
Athletico Paranaense - PR,5,Fernandinho,Fernando Luiz Roza
Botafogo - RJ,0,Marcal,Fernando Marcal de Oliveira
Fortaleza - CE,16,Fernando Miguel,Fernando Miguel Kaufmann
Athletico Paranaense - PR,0,Fernando Nava,Fernando Nava Ortega
Cuiabá Saf - MT,88,Fernando,Fernando Pereira do Nascimento
Cuiabá Saf - MT,5,Filipe Augusto,Filipe Augusto Carvalho Souza
Flamengo - RJ,0,Filipe Luís,Filipe Luis Kasmirski
Botafogo - RJ,9,Tiquinho,Francisco das Chagas Soares dos Santos
Flamengo - RJ,0,Dyogo,Francisco Dyogo Bento Alves
Fluminense - RJ,0,Freitas,Francisco Jose Freire de Freitas
Bahia - BA,0,Jacare,Francisco Vitor Silva Costa
Grêmio - RS,19,Cristaldo,Franco Sebastian Cristaldo
Coritiba S.a.f. - PR,0,Fransergio,Fransergio Rodrigues Barbosa
Grêmio - RS,0,Freddy,Freddy Ariel Noguera Rolon
Botafogo - RJ,14,Gabriel,Gabriel Appelt Pires
Atlético Mineiro - MG,0,Gabriel Átila,Gabriel Atila Cardoso da Silva
Flamengo - RJ,10,Gabriel Barbosa,Gabriel Barbosa Almeida
Coritiba S.a.f. - PR,0,Gabriel,Gabriel Boschilia
Red Bull Bragantino - SP,0,Caetano,Gabriel Caetano Godoy de Andrade
Internacional - RS,0,Gabriel,Gabriel Carvalho Teixeira
Red Bull Bragantino - SP,0,Gabriel,Gabriel da Silva Moyses
Internacional - RS,0,Gabriel Barros,Gabriel de Sousa Barros
Santos - SP,12,Gabriel,Gabriel de Souza Inocencio
Atlético Mineiro - MG,1,Gabriel Delfim,Gabriel Delfim Ferreira
Vasco da Gama S.a.f. - RJ,0,Gabriel Dias,Gabriel Dias de Oliveira
Palmeiras - SP,0,Gabriel (Vareta),Gabriel dos Santos Silva
Vasco da Gama S.a.f. - RJ,11,Gabriel Pec,Gabriel Fortes Chaves
Internacional - RS,0,Gabriel,Gabriel Girotto Franco
Grêmio - RS,12,Gabriel Grando,Gabriel Hamester Grando
Corinthians - SP,0,Gabriel,Gabriel Henrique Soares da Silva
Internacional - RS,25,Gabriel Mercado,Gabriel Ivan Mercado
Cruzeiro Saf - MG,0,Gabriel Mesquita,Gabriel Jose Ferreira Mesquita
Bahia - BA,0,Gabriel Xavier,Gabriel Lheman Xavier
São Paulo - SP,20,Gabriel Neves,Gabriel Neves Perdomo
Goiás - GO,0,Gabriel Novaes,Gabriel Novaes Fernandes
Athletico Paranaense - PR,0,Gabriel Pereira,Gabriel Roberto Pereira
Coritiba S.a.f. - PR,0,Gabriel Silva,Gabriel Silva Azevedo Figueredo
Corinthians - SP,0,Moscardo,Gabriel Silva Moscardo de Salles
Bahia - BA,0,Biel,Gabriel Teixeira Aragao
Botafogo - RJ,0,GABRIEL,Gabriel Toebe Studt
Coritiba S.a.f. - PR,0,Gabriel,Gabriel Vasconcelos Ferreira
Palmeiras - SP,25,Gabriel Menino,Gabriel Vinicius Menino
Cuiabá Saf - MT,0,Gabryel,Gabryel Vinicius Araújo Freitas
Vasco da Gama S.a.f. - RJ,0,Medel,Gary Alexis Medel Soto
Fortaleza - CE,0,Geilson,Geilson de Souza Alves
Fluminense - RJ,14,German Cano,German Ezequiel Cano
Flamengo - RJ,20,Gerson,Gerson Santos da Silva
Palmeiras - SP,0,Gilberto,Gilberto Junior Leite dos Santos
Bahia - BA,0,Gilberto,Gilberto Moraes Junior
Cruzeiro Saf - MG,21,Gilberto,Gilberto Oliveira Souza Junior
Flamengo - RJ,0,De Arrascaeta,Giorgian Daniel de Arrascaeta Benedetti
Corinthians - SP,0,Giovane Nascimento,Giovane Santana do Nascimento
Fluminense - RJ,37,Giovanni,Giovanni Manson Ribeiro
São Paulo - SP,0,Galoppo,Giuliano Galoppo
Corinthians - SP,20,Giuliano,Giuliano Victor de Paula
Atlético Mineiro - MG,7,Hulk,Givanildo Vieira de Sousa
Fortaleza - CE,22,Yago,Glaybson Yago Souza Lisbôa
Fortaleza - CE,0,Escobar,Gonzalo Daniel Escobar
America Saf - MG,17,Gonzalo Mastriani,Gonzalo Mathias Mastriani Borges
Atlético Mineiro - MG,0,Guilherme Arana,Guilherme Antonio Arana Lopes
Coritiba S.a.f. - PR,0,Guilherme Aquino,Guilherme Aquino Vargas dos Santos
Fortaleza - CE,29,Guilherme Augusto,Guilherme Augusto Vieira dos Santos
São Paulo - SP,0,Guilherme Batista,Guilherme Batista da Silva Americo
Goiás - GO,60,Guilherme,Guilherme Costa Marques
Santos - SP,29,Camacho,Guilherme de Aguiar Camacho
Fortaleza - CE,2,Guilherme,Guilherme de Jesus da Silva
Internacional - RS,0,GUILHERME,Guilherme de Jesus Lima
Red Bull Bragantino - SP,31,Guilherme,Guilherme Lopes de Almeida
Cruzeiro Saf - MG,0,Gui Meira,Guilherme Meira Ferreira Alves
Bahia - BA,0,Guilherme Brito,Guilherme Santos Brito
Corinthians - SP,0,Guilherme Biro,Guilherme Sucigan Mafra Cunha
Flamengo - RJ,2,Varela,Guillermo Varela Olivera
Fluminense - RJ,0,Dohmann,Gustavo Abreu Dohmann
Internacional - RS,17,Gustavo,Gustavo Campanharo
Grêmio - RS,17,Gustavo,Gustavo Cesar Mendonça Gravino
Palmeiras - SP,32,Gustavo Garcia,Gustavo Garcia dos Santos
Corinthians - SP,0,Mosquito,Gustavo Henric da Silva
Red Bull Bragantino - SP,0,Gustavo Henrique,Gustavo Henrique da Silva
Cuiabá Saf - MT,0,Gustavo,Gustavo Henrique Ribeiro de Moraes
Grêmio - RS,0,G. Martins,Gustavo Martins de Souza Santos
Santos - SP,0,Nonato,Gustavo Nonato Santana
Grêmio - RS,17,Gustavo,Gustavo Nunes Fernandes Gomes
Internacional - RS,17,Gustavo,Gustavo Prado Alves
Fluminense - RJ,0,Gustavo Ramalho,Gustavo Ramalho Bremer Pinto
Palmeiras - SP,15,Gustavo Gomez,Gustavo Raul Gomez Portillo
Red Bull Bragantino - SP,0,Gustavo Reis,Gustavo Reis de Alcantara
Red Bull Bragantino - SP,22,Gustavinho,Gustavo Ribeiro Neves
Goiás - GO,0,Xavier,Gustavo Xavier Teixeira
Goiás - GO,0,Halerrandrio,Halerrandrio dos Santos Feitosa
Coritiba S.a.f. - PR,0,Hayner,Hayner Willian Monjardim Cordeiro
Vasco da Gama S.a.f. - RJ,0,Halls,Hedhe Halls Rocha da Silva
Cruzeiro Saf - MG,0,Palacios,Helibelton Palacios Zapata
Red Bull Bragantino - SP,11,Helinho,Helio Junio Nunes de Castro
Coritiba S.a.f. - PR,0,Henrique,Henrique Adriano Buss
Cruzeiro Saf - MG,0,Henrique,Henrique Fernandes da Silva
Cruzeiro Saf - MG,0,Henrique,Henrique Rodrigues Cardoso
Botafogo - RJ,0,Henrique Vermudt,Henrique Vermudt
Red Bull Bragantino - SP,16,Henry Mosquera,Henry David Mosquera Sanchez
Fortaleza - CE,35,HERCULES,Hercules Pereira do Nascimento
Corinthians - SP,0,HIGOR,Higor Augusto Farias de Oliveira
Goiás - GO,0,Higor,Higor Matheus Meritao
Cruzeiro Saf - MG,27,Neris,Hueglo dos Santos Neris
Goiás - GO,66,Hugo,Hugo Ferreira de Farias
Botafogo - RJ,0,Hugo,Hugo Gonçalves Ferreira Neto
Internacional - RS,0,Hugo Mallo,Hugo Mallo Novegil
Athletico Paranaense - PR,17,Hugo Moura,Hugo Moura Arruda da Silva
Atlético Mineiro - MG,20,Hyoran,Hyoran Kaue Dalmoro
America Saf - MG,3,Iago,Iago Justen Maidana Martins
Flamengo - RJ,0,IAGO,Iago Teodoro Silva Nogueira
Palmeiras - SP,0,Ian,Ian Custodio dos Anjos
Cruzeiro Saf - MG,0,Ian,Ian Luccas Baroni Boetto
São Paulo - SP,0,Iba Ly,Iba Ly
Bahia - BA,0,Icaro,Icaro Gabriel Oliveira Peixoto
America Saf - MG,0,Ighor Gabriel,Ighor Gabryel Vieira Gonçalves
Red Bull Bragantino - SP,44,Nacho Laquintana,Ignacio Jesus Laquintana Marsico
Botafogo - RJ,52,Igo Gabriel,Igo Gabriel Santos Pereira
Grêmio - RS,0,Igor,Igor Eduardo Schlemper
Internacional - RS,21,Igor Gomes,Igor Gomes Silva
Flamengo - RJ,48,Igor Jesus,Igor Jesus Lima
Atlético Mineiro - MG,0,Igor,Igor Rabello da Costa
Atlético Mineiro - MG,17,Igor Gomes,Igor Silveira Gomes
São Paulo - SP,0,Igor,Igor Vinicius de Souza
Fortaleza - CE,0,Machuca,Imanol Javier Machuca
Atlético Mineiro - MG,41,Isaac,Isaac Aguiar Tomich
Fluminense - RJ,32,Isaac,Isaac Rodrigues de Lima
Fluminense - RJ,0,Isaque,Isaque Severino Silva
Cuiabá Saf - MT,9,PITTA,Isidro Miguel Pitta Saldivar
Coritiba S.a.f. - PR,0,Slimani,Islam Slimani
Cruzeiro Saf - MG,0,Italo,Italo Isaac Pereira Lourenco
Cuiabá Saf - MT,94,Patric,Itaro Patric Cardoso Calmon
Vasco da Gama S.a.f. - RJ,97,Ivan,Ivan Quaresma da Silva
Goiás - GO,20,Jackson,Jackson Diego Ibraim Fagundes
Botafogo - RJ,0,Jacob,Jacob Christian Montes
Red Bull Bragantino - SP,5,Jadsom Silva,Jadsom Meemyas de Oliveira da Silva
Atlético Mineiro - MG,0,Jadson,Jadson Alves de Lima
Palmeiras - SP,0,Jailson,Jailson Marques Siqueira
Santos - SP,0,Jair Paula,Jair Paula da Cunha Filho
Vasco da Gama S.a.f. - RJ,8,Jair,Jair Rodrigues Junior
Coritiba S.a.f. - PR,0,Jamerson,Jamerson Santos de Jesus
São Paulo - SP,0,James Rodriguez,James David Rodriguez Rubio
Botafogo - RJ,39,Janderson,Janderson de Carvalho Costa
São Paulo - SP,93,Jandrei,Jandrei Chitolina Carniel
Flamengo - RJ,0,Jean Carlos,Jean Carlos da Silva Lima
Internacional - RS,38,Jean Dias,Jean Dias da Costa
Coritiba S.a.f. - PR,0,Jean Gabriel,Jean Gabriel Silveira
Coritiba S.a.f. - PR,0,Jean,Jean Henrique Carneiro Pedroso
Santos - SP,0,Jean,Jean Lucas de Souza Oliveira
Vasco da Gama S.a.f. - RJ,0,Jefferson Junio,Jefferson Junio Antonio da Silva
Botafogo - RJ,0,JEFFERSON,Jefferson Maciel Bento
Atlético Mineiro - MG,34,Jemerson,Jemerson de Jesus Nascimento
Coritiba S.a.f. - PR,0,Jesé Rodriguez,Jesé Rodriguez Ruiz
São Paulo - SP,21,Sebastian Mendez,Jhegson Sebastian Mendez Carabali
Fluminense - RJ,21,Jhon Arias,Jhon Adolfo Arias Andrade
Grêmio - RS,0,Jhonata Robert,Jhonata Robert Alves da Silva
Palmeiras - SP,40,Jhon Jhon,Jhonatan dos Santos Rosa
Internacional - RS,0,JHONATAN,Jhonatan Kauan Eleoterio Diogo
Red Bull Bragantino - SP,0,Jhonny,Jhonny Cardinoti Pedro
Cruzeiro Saf - MG,0,Jhosefer,Jhosefer Raphael Januario
Fluminense - RJ,0,João Neto,João Batista da Cruz Santos Neto
Cuiabá Saf - MT,21,Joao Carlos,Joao Carlos Heidemann
Red Bull Bragantino - SP,0,João Douglas,João Douglas de Sousa Silva
Botafogo - RJ,31,João Fernando,João Fernando Monteiro Siqueira
Fluminense - RJ,0,João Henrique (Esquerdinha),João Henrique Mendes da Silva
Santos - SP,0,Joao,Joao Lucas de Almeida Carvalho
Internacional - RS,30,Joao Lucas,Joao Lucas de Souza Cardoso
Red Bull Bragantino - SP,0,Cipriano,João Luiz da Silva Cipriano
Cruzeiro Saf - MG,0,Joao Marcelo,Joao Marcelo Messias Ferreira
Flamengo - RJ,0,Joao Marcos,Joao Marcos Garcia da Costa
São Paulo - SP,0,João Moreira,João Moreira Sanmartin Souza
Santos - SP,0,Joao,Joao Othavio Basso
Internacional - RS,0,Dalla Corte,Joao Paulo Dalla Corte
Santos - SP,34,Joao Paulo,Joao Paulo Silva Martins
Cruzeiro Saf - MG,0,João Pedro Oliveira,João Pedro da Cruz Oliveira
Corinthians - SP,0,Joao Pedro,Joao Pedro de Sousa Rodrigues
Internacional - RS,0,Joao Pedro,Joao Pedro Dias de Oliveira
Botafogo - RJ,0,JP Galvão,João Pedro Galvão de Carvalho
Grêmio - RS,18,Joao Pedro,Joao Pedro Geraldino dos Santos Galvao
Grêmio - RS,18,Joao Pedro,Joao Pedro Maturano dos Santos
Vasco da Gama S.a.f. - RJ,0,João Pedro,João Pedro Murilo de Paula Morais
São Paulo - SP,0,João Pedro,João Pedro Pantiga Gomes
Grêmio - RS,0,Joao Ramos,Joao Pedro Ramos Oliveira Lima
Grêmio - RS,0,Pepe,Joao Pedro Vilardi Pinto
Atlético Mineiro - MG,0,Joao Rafael,Joao Rafael Macedo Pereira
Fortaleza - CE,0,João Ricardo,Joao Ricardo Riedi
Goiás - GO,0,Joao,Joao Victo Magno de Souza Machado
Corinthians - SP,0,Caetano,Joao Victor Andrade Caetano
Bahia - BA,0,Jota,João Victor Broad Moreira Guimaraes
Santos - SP,0,Balao,Joao Victor de Amorim Marinho
Athletico Paranaense - PR,0,João Cruz,João Victor Machado Cruz
Botafogo - RJ,7,Joao Victor,Joao Victor Santos Sa
Grêmio - RS,0,Joao Vitor,Joao Vitor Araujo da Silva
Cuiabá Saf - MT,0,Joao Vitor Balbino Cordeiro,Joao Vitor Balbino Cordeiro
Coritiba S.a.f. - PR,0,João Vitor,Joao Vitor da Silva Almeida
Athletico Paranaense - PR,0,Joao Vitor,Joao Vitor Tavares da Mota
Red Bull Bragantino - SP,0,Da Silva,Joao Vitor Vallony da Silva
Cruzeiro Saf - MG,0,JAPA,Joao Wellington Gadelha Melo de Oliveira
Santos - SP,28,Joaquim,Joaquim Henrique Pereira Silva
Palmeiras - SP,22,Joaquin Piquerez,Joaquin Piquerez Moreira
Fluminense - RJ,9,John Kennedy,John Kennedy Batista de Souza
Santos - SP,0,Mendoza,John Steven Mendoza Valencia
America Saf - MG,0,Jonathan Alecxander,Jonathan Alecxander da Silva Valerio
São Paulo - SP,9,Calleri,Jonathan Calleri
Cuiabá Saf - MT,7,Cafu,Jonathan Renato Barbosa
Coritiba S.a.f. - PR,0,Jorge Vinicius,Jorge Vinicius Ribeiro da Silva
America Saf - MG,0,Joriwinnyson,Joriwinnyson Santos dos Anjos Rodrigues
Red Bull Bragantino - SP,34,Andres Hurtado,Jose Andres Hurtado Cheme
Botafogo - RJ,37,Junior,Jose Antonio dos Santos Junior
Vasco da Gama S.a.f. - RJ,0,Zé Gabriel,Jose Gabriel dos Santos Silva
Grêmio - RS,46,José Guilherme,Jose Guilherme de Lima Costa
Vasco da Gama S.a.f. - RJ,2,Puma Rodriguez,Jose Luis Rodriguez Bebanz
Palmeiras - SP,18,Lopez,Jose Manuel Alberto Lopez
Corinthians - SP,15,Paulinho,Jose Paulo Bezerra Maciel Junior
Palmeiras - SP,8,Ze Rafael,Jose Rafael Vivian
Cuiabá Saf - MT,0,RICARDO,Jose Ricardo Batista Cerqueira
Santos - SP,0,Dodo,Jose Rodolfo Pires Ribeiro
Fortaleza - CE,11,Romarinho,Jose Romario Silva de Souza
Vasco da Gama S.a.f. - RJ,0,Zé Vitor,Jose Vitor Geminiano Cavalieri
Flamengo - RJ,39,Zé Welinton,Jose Welinton Campos Menezes
Fortaleza - CE,17,Welison,José Welison da Silva
Grêmio - RS,0,Josue,Josue Souza dos Santos
Grêmio - RS,0,Iturbe,Juan Manuel Iturbe Arevalos
Fortaleza - CE,9,Lucero,Juan Martin Lucero
Cuiabá Saf - MT,0,Juan Tavares,Juan Pablo Vilela Tavares
America Saf - MG,0,Cazares,Juan Ramon Cazares Sevillano
São Paulo - SP,31,Juan,Juan Santos da Silva
Goiás - GO,10,Julian,Julian Eduardo Palacios
America Saf - MG,0,Julio,Julio Cesar Alves Gonçalves
Bahia - BA,0,Rezende,Julio Cesar de Rezende Miranda
Santos - SP,0,Julio Furch,Julio Cesar Furch
Fluminense - RJ,0,Julio Fidelis,Julio Cesar Lima Fidelis
Cruzeiro Saf - MG,16,Kaiki Bruno,Kaiki Bruno da Silva
Palmeiras - SP,34,Kaiky,Kaiky Marques Naves
Coritiba S.a.f. - PR,0,Kaio Lima,Kaio Cesar Andrade Lima
Palmeiras - SP,51,Kaique,Kaique Pereira Azarias
Athletico Paranaense - PR,0,Kaique,Kaique Rocha Lima
America Saf - MG,0,kaua,Kaua Diniz Rocha
Fluminense - RJ,0,Kauã Elias,Kauã Elias Nogueira
Internacional - RS,0,Kauan,Kauan Jesus Santos Oliveira
Red Bull Bragantino - SP,0,Kauan,Kauan Martins Chagas
Fortaleza - CE,0,Kauan,Kauan Rodrigues da Silva
Palmeiras - SP,0,Kauan Santos,Kauan Santos Silva
Atlético Mineiro - MG,0,KAUAN,Kauan Silva Sales
Botafogo - RJ,0,Kauê,Kauê Rodrigues Pessanha
Corinthians - SP,0,KAUÊ C.,Kauê Vinicius de Souza Camargo
Red Bull Bragantino - SP,0,Kawe,Kawe Ferreira Godoy Viana
Corinthians - SP,0,Kayke,Kayke Ferrari Guimaraes
Botafogo - RJ,0,KAYKE,Kayke Gouvêa Queiroz
Fluminense - RJ,0,Kayky Almeida,Kayky Henrique Almeida Brandão da Silva
Atlético Mineiro - MG,0,KAYQUE,Kayque Ryann Santos Silva
Internacional - RS,1,Keiller,Keiller da Silva Nunes
Bahia - BA,0,Kennedy,Kennedy Anderson Gomes Ferreira
Fortaleza - CE,0,Kervin,Kervin Mario Andrade Navarro
Palmeiras - SP,0,Kevin,Kevin Santos Lopes de Macedo
Fluminense - RJ,0,Kevyn,Kevyn Vinicius Medeiros de Freitas
Santos - SP,0,Kevyson,Kevyson Costa E Silva
Fluminense - RJ,99,Lelê,Leanderson da Silva Genesio
America Saf - MG,5,Emmanuel Martinez,Leandro Emmanuel Martinez
Athletico Paranaense - PR,0,Filipe,Leandro Filipe de Almeida Dornelles
Atlético Mineiro - MG,0,Leandro,Leandro Josue Rodriguez Santaella
São Paulo - SP,0,Leandro,Leandro Mathias Silva Bueno
Vasco da Gama S.a.f. - RJ,0,Leandro Viana,Leandro Viana da Silva Gama
Athletico Paranaense - PR,0,Ataide,Leonardo Ataide de Oliveira Siqueira
Cuiabá Saf - MT,0,Leo Oliveira,Leonardo Augusto de Oliveira
Fluminense - RJ,0,Leo Fernandez,Leonardo Cecilio Fernandez Lopez
Vasco da Gama S.a.f. - RJ,1,Leo Jardim,Leonardo Cesar Jardim
Bahia - BA,0,Cittadini,Leonardo Cittadini
Palmeiras - SP,0,Leonardo,Leonardo de Azevedo Silva
Fluminense - RJ,0,Leonardo,Leonardo de Oliveira Jance
Athletico Paranaense - PR,0,Leonardo Derik,Leonardo Derik Dias Goncalves
Atlético Mineiro - MG,0,Leonardo Santos,Leonardo dos Santos Lopes da Silva
Athletico Paranaense - PR,0,Dourado,Leonardo Estigarribia Ferreira
Vasco da Gama S.a.f. - RJ,0,Leonardo,Leonardo Gomes da Silva Jaco
Red Bull Bragantino - SP,2,Léo Realpe,Leonardo Javier Realpe Montaño
Corinthians - SP,0,Léo Mana,Leonardo Mana Hernandes
Athletico Paranaense - PR,23,Leo Linck,Leonardo Matias Baiersdorf Linck
Flamengo - RJ,4,Leo Pereira,Leonardo Pereira
Vasco da Gama S.a.f. - RJ,3,Léo,Leonardo Pinheiro da Conceicao
Red Bull Bragantino - SP,0,Léo Ortiz,Leonardo Rech Ortiz
Botafogo - RJ,24,Di Placido,Leonel Di Placido
Grêmio - RS,0,Lian,Lian dos Santos da Silva
Flamengo - RJ,0,Lorran,Lorran Lucas Pereira de Sousa
Red Bull Bragantino - SP,0,Luan Candido,Luan Candido de Almeida
Santos - SP,97,Luan,Luan Dias da Silva
Palmeiras - SP,13,Luan Garcia,Luan Garcia Teixeira
Grêmio - RS,0,Luan,Luan Guilherme de Jesus Vieira
Internacional - RS,0,Luan,Luan Jesus Mendes de Lima
Red Bull Bragantino - SP,30,Luan Patrick,Luan Patrick Wiedthauper
Coritiba S.a.f. - PR,0,Luan Polli,Luan Polli Gomes
São Paulo - SP,8,Luan Silva,Luan Vinicius da Silva Santos
Vasco da Gama S.a.f. - RJ,14,Orellano,Luca Nicolas Orellano
Grêmio - RS,0,Besozzi,Lucas Agustin Besozzi
Red Bull Bragantino - SP,40,Lucão,Lucas Alexandre Galdino de Azevedo
Bahia - BA,0,Mugni,Lucas Andres Mugni
Athletico Paranaense - PR,0,Lucas Esquivel,Lucas Angel Esquivel
Athletico Paranaense - PR,0,Lucas Belezi,Lucas Belezi Barbosa
Santos - SP,21,Lucas,Lucas Braga Ribeiro
Cruzeiro Saf - MG,26,Lucas Oliveira,Lucas da Cruz Oliveira
Cruzeiro Saf - MG,6,Lucas Oliveira,Lucas da Cruz Oliveira
Cuiabá Saf - MT,0,Lucas,Lucas da Silva Izidoro
Fluminense - RJ,0,Justen,Lucas da Silva Justen
Fortaleza - CE,10,Lucas Crispim,Lucas de Figueiredo Crispim
Internacional - RS,15,Lucas Ramos,Lucas de Ramos Silveira
Red Bull Bragantino - SP,0,Lucas Cunha,Lucas de Souza Cunha
Vasco da Gama S.a.f. - RJ,0,Lucas Eduardo,Lucas Eduardo de Souza Oliveira
Grêmio - RS,45,Mila,Lucas Eduardo Muller
Goiás - GO,43,Edu,Lucas Eduardo Ribeiro de Souza
Botafogo - RJ,12,Lucas Perri,Lucas Estella Perri
Red Bull Bragantino - SP,8,Evangelista,Lucas Evangelista Santana de Oliveira
Botafogo - RJ,18,Lucas,Lucas Fernandes da Silva
Vasco da Gama S.a.f. - RJ,15,Figueiredo,Lucas Figueiredo dos Santos
Botafogo - RJ,18,Lucas,Lucas Fonseca Gomes Barreto
Goiás - GO,3,Halter,Lucas Halter
Coritiba S.a.f. - PR,0,Lucas,Lucas Henrique Barbosa
America Saf - MG,21,Lucas,Lucas Kal Schenfeld Prigioli
São Paulo - SP,35,Beraldo,Lucas Lopes Beraldo
Bahia - BA,0,Aruba,Lucas Mazdiel Aruba Santos
Fortaleza - CE,88,Lucas,Lucas Pacheco Affini
Vasco da Gama S.a.f. - RJ,36,Lucas Piton,Lucas Piton Crivellaro
Vasco da Gama S.a.f. - RJ,6,Lucas Piton,Lucas Piton Crivellaro
Santos - SP,23,Lucas Lima,Lucas Rafael Araujo Lima
Red Bull Bragantino - SP,0,Lucas Rafael,Lucas Rafael Gonçalves da Silva
São Paulo - SP,0,Lucas,Lucas Rodrigues Moura da Silva
Coritiba S.a.f. - PR,0,LUCAS RONIER,Lucas Ronier Vieira Pires
Cruzeiro Saf - MG,0,Lucas Silva,Lucas Silva Borges
Corinthians - SP,0,Lucas Verissimo,Lucas Verissimo da Silva
Internacional - RS,45,Lucca,Lucca Holanda Sampaio Tavares
Athletico Paranaense - PR,0,Lucca,Lucca Prior Pimenta
Bahia - BA,0,Luciano Juba,Luciano Batista da Silva Junior
Cruzeiro Saf - MG,4,Luciano Castan,Luciano Castan da Silva
São Paulo - SP,10,Luciano,Luciano da Rocha Neves
Athletico Paranaense - PR,0,Luciano Arriagada,Luciano Daniel Arriagada Garcia
Palmeiras - SP,0,Luighi,Luighi Hanri Sousa Santos
Grêmio - RS,9,Suarez,Luis Alberto Suarez Diaz
Red Bull Bragantino - SP,29,J. Capixaba,Luis Antonio da Rocha Junior
Fortaleza - CE,0,Dudu,Luis Eduardo Marques dos Santos
Grêmio - RS,0,Cuiabano,Luis Eduardo Soares da Silva
Goiás - GO,0,Mina,Luis Felipe Nascimento Miranda
Goiás - GO,0,Luis,Luis Felipe Oyama
Fluminense - RJ,0,Luis Fernando,Luis Fernando Santos da Silva
Cruzeiro Saf - MG,0,Luis Fernando,Luis Fernando Santos Oliveira
Palmeiras - SP,31,Luis Guilherme,Luis Guilherme Lira dos Santos
Cuiabá Saf - MT,0,Luis,Luis Henrique Fonseca Soares
Grêmio - RS,48,Zinho,Luis Henrique Hoffmann
Botafogo - RJ,11,Luis Henrique,Luis Henrique Tomaz de Lima
Internacional - RS,9,Luiz Adriano,Luiz Adriano Souza da Silva
Flamengo - RJ,0,Luiz,Luiz de Araujo Guimaraes Neto
Goiás - GO,22,Apodi,Luiz Diallisson de Souza Alves
Cuiabá Saf - MT,0,Silva,Luiz Felipe Mathias Silva
Athletico Paranaense - PR,0,Sorriso,Luiz Fernando Salles de Castro
Cruzeiro Saf - MG,23,Filipe Machado,Luiz Filipe da Rosa Machado
Corinthians - SP,0,Luiz Gustavo,Luiz Gustavo Lemos Carvalho
Vasco da Gama S.a.f. - RJ,0,Lyncon,Lyncon Correa Gonçalves
Athletico Paranaense - PR,22,Madson,Madson Ferreira dos Santos
Goiás - GO,2,Magno Jose,Magno Jose da Silva
Vasco da Gama S.a.f. - RJ,0,Maicon,Maicon Pereira Roque
Fluminense - RJ,26,Manoel,Manoel Messias Silva Carvalho
Vasco da Gama S.a.f. - RJ,22,Capasso,Manuel Vicente Capasso
Bahia - BA,0,Marcello,Marcello Gesteira de Souza
Red Bull Bragantino - SP,0,Marcelo,Marcelo Braz da Silva
Athletico Paranaense - PR,0,Marcelo Cirino,Marcelo Cirino da Silva
Fortaleza - CE,5,Marcelo,Marcelo da Conceiçao Benevenuto Malaquias
Palmeiras - SP,42,Marcelo Lomba,Marcelo Lomba do Nascimento
Goiás - GO,88,Rangel,Marcelo Rangel Rosa
Fluminense - RJ,0,Marcelo,Marcelo Vieira da Silva Junior
Fluminense - RJ,33,Nino,Marcilio Florencio Mota Filho
America Saf - MG,25,Marcinho,Marcio Almeida de Oliveira
São Paulo - SP,13,Rafinha,Marcio Rafael Ferreira de Souza
Coritiba S.a.f. - PR,0,Marcão,Marco Antonio Amorim de Oliveira Montes
Athletico Paranaense - PR,0,Marcão,Marcos Andre Paulino Maia
Fluminense - RJ,11,Keno,Marcos da Silva Franca
Bahia - BA,0,Marcos Felipe,Marcos Felipe de Freitas Monteiro
Santos - SP,9,Marcos Leonardo,Marcos Leonardo Santos Almeida
Palmeiras - SP,2,Marcos Rocha,Marcos Luis Rocha Aquino
São Paulo - SP,32,Marcos Paulo,Marcos Paulo Costa do Nascimento
Flamengo - RJ,0,Marcos Paulo,Marcos Paulo Lima Batista Silva
Bahia - BA,0,Marcos Victor,Marcos Victor Ferreira da Silva
Red Bull Bragantino - SP,27,Sorriso,Marcos Vinicios Lopes Moura
Atlético Mineiro - MG,25,Mariano,Mariano Ferreira Filho
Fortaleza - CE,0,Marinho,Mario Sergio Santos Costa
Cuiabá Saf - MT,4,Marllon,Marllon Goncalves Jeronimo Borges
Vasco da Gama S.a.f. - RJ,0,Marlon,Marlon dos Santos Pinto
Vasco da Gama S.a.f. - RJ,25,Marlon Gomes,Marlon Gomes Claudino
America Saf - MG,6,Marlon,Marlon Matheus Lopes do Nascimento
Botafogo - RJ,17,Marlon Freitas,Marlon Rodrigues Freitas
Cruzeiro Saf - MG,3,Marlon,Marlon Rodrigues Xavier
Fluminense - RJ,0,Marlon Santos,Marlon Santos da Silva Barbosa
São Paulo - SP,0,Marques Rickelme,Marques Rickelme Cabral Barbosa
America Saf - MG,0,Martin Benitez,Martin Nicolas Benitez
Botafogo - RJ,0,Mateo Ponte,Mateo Ponte Costa
Vasco da Gama S.a.f. - RJ,0,Mateus Carvalho,Mateus Carvalho dos Santos
Cuiabá Saf - MT,98,Matheusinho,Mateus da Silva Duarte
Cruzeiro Saf - MG,7,Mateus,Mateus da Silva Vital Assumpção
Bahia - BA,0,Mateus Claus,Mateus Eduardo Claus
America Saf - MG,14,Mateus,Mateus Henrique Alves Silva
Atlético Mineiro - MG,0,Mateus Iseppe,Mateus Jose Iseppe
Palmeiras - SP,0,Mateus Oliveira,Mateus Oliveira Mendes
America Saf - MG,14,Mateus,Mateus Pasinato
Cuiabá Saf - MT,2,Matheus Alexandre,Matheus Alexandre Anastacio de Souza
Goiás - GO,0,Matheus Alves,Matheus Alves da Silva Cardoso
Bahia - BA,0,Matheus Bahia,Matheus Bahia Santos
Goiás - GO,0,Matheus Babi,Matheus Barcelos da Silva
Corinthians - SP,0,Matheus Corrêa,Matheus Correa Leite de Moraes Gonçalves
Flamengo - RJ,25,Matheus Cunha,Matheus Cunha Queiroz
Corinthians - SP,30,Matheus Araujo,Matheus de Araujo Andrade
Fluminense - RJ,0,Matheus Reis,Matheus dos Reis Francisco
Internacional - RS,41,Matheus,Matheus dos Santos Dias
Vasco da Gama S.a.f. - RJ,35,Miranda,Matheus dos Santos Miranda
Athletico Paranaense - PR,42,Matheus Felipe,Matheus Felipe Santos Nascimento
Cruzeiro Saf - MG,0,Matheus Pereira,Matheus Fellipe Costa Pereira
Red Bull Bragantino - SP,35,Matheus Fernandes,Matheus Fernandes Siqueira
America Saf - MG,1,Matheus,Matheus Fernando Cavichioli
Flamengo - RJ,0,Matheuzinho,Matheus Franca Silva
Vasco da Gama S.a.f. - RJ,0,Matheus,Matheus Gabriel Julião Damasceno
Red Bull Bragantino - SP,0,Matheus Gonçalves,Matheus Gonçalves Martins
Coritiba S.a.f. - PR,0,Matheus,Matheus Henrique Bianqui
Cruzeiro Saf - MG,18,Matheus,Matheus Isaias dos Santos
Cuiabá Saf - MT,0,Matheus Jorge,Matheus Jorge Martins dos Santos
São Paulo - SP,0,Matheus,Matheus Jose Belem de Souza
America Saf - MG,7,Matheusinho,Matheus Leonardo Sales Cardoso
Corinthians - SP,21,Matheus Bidu,Matheus Lima Beltrao Oliveira
Fluminense - RJ,0,Martinelli,Matheus Martinelli Lima
Atlético Mineiro - MG,31,Matheus Mendes,Matheus Mendes Werneck de Oliveira
Botafogo - RJ,0,Matheus Nascimento,Matheus Nascimento de Paula
Corinthians - SP,0,Matheus Donelli,Matheus Planelles Donelli
Grêmio - RS,20,Villasanti,Mathias Adalberto Villasanti Rolon
Botafogo - RJ,19,Matias Segovia,Matias Emanuel Segovia Torales
Corinthians - SP,0,Matias Rojas,Matias Nicolas Rojas Romero
Internacional - RS,0,Matteo,Matteo Amaral Amoroso dos Santos
Coritiba S.a.f. - PR,0,Mauricio,Mauricio de Carvalho Antonio
Coritiba S.a.f. - PR,0,MAURICIO,Mauricio Garcez de Jesus
Fortaleza - CE,30,Mauricio Kozlinski,Mauricio Kozlinski
Internacional - RS,27,Mauricio,Mauricio Magalhaes Prado
Santos - SP,0,Maximiliano,Maximiliano Joaquin Silvera Cabo
Red Bull Bragantino - SP,12,Maycon,Maycon Cleiton de Paula Azevedo
Corinthians - SP,7,Maycon,Maycon de Andrade Barberan
Cruzeiro Saf - MG,10,Nikao,Maycon Vinicius Ferreira da Cruz
Palmeiras - SP,0,Mayke,Mayke Rocha de Oliveira
Santos - SP,24,Messias,Messias Rodrigues da Silva Junior
Palmeiras - SP,0,Michel,Michel Augusto Modesto Rafael dos Santos
São Paulo - SP,15,Michel Araujo,Michel Daryl Araujo Villar
Santos - SP,47,Miguel,Miguel Angel Terceros Acuna
America Saf - MG,87,MIKAEL,Mikael Filipe Viana de Sousa
Palmeiras - SP,26,Murilo,Murilo Cerqueira Paim
Athletico Paranaense - PR,0,Mycael,Mycael Pontes Moreira
São Paulo - SP,0,Ferraresi,Nahuel Adolfo Ferraresi Hernandez
Grêmio - RS,36,Nata,Nata Felipe de Amorim Santos
America Saf - MG,0,Natan,Natan Rodrigues de Sales
Coritiba S.a.f. - PR,0,Natanael Milouski,Natanael Moreira Milouski
Grêmio - RS,7,Nathan,Nathan Allan de Souza
Red Bull Bragantino - SP,0,Nathan Camargo,Nathan Camargo dos Santos
São Paulo - SP,45,Nathan,Nathan Gabriel de Souza Mendes
Grêmio - RS,7,Nathan,Nathan Ribeiro Fernandes
Bahia - BA,0,Cicinho,Neuciano de Jesus Gusmao
Botafogo - RJ,0,Newton,Newton Araujo da Costa Junior
Bahia - BA,0,Acevedo,Nicolas Brian Acevedo Tabarez
Internacional - RS,22,Nicolas Hernandez,Nicolas Hernandez Rodriguez
Cuiabá Saf - MT,25,Nicolas,Nicolas Quagliata Platero
America Saf - MG,30,Nicolas,Nicolas Vichiatto da Silva
Cuiabá Saf - MT,0,Nilton,Nilton Amador de Oliveira Filho
America Saf - MG,0,Javier Mendez,Oscar Javier Mendez Albornoz
Cruzeiro Saf - MG,0,OTAVIO,Otavio Eleodoro Rezende Costa
Atlético Mineiro - MG,5,Otavio,Otavio Henrique Passos Santos
Vasco da Gama S.a.f. - RJ,0,Pablo de Paula,Pablo de Paula Cardoso
Vasco da Gama S.a.f. - RJ,0,Vegetti,Pablo Ezequiel Vegetti
Athletico Paranaense - PR,92,Pablo,Pablo Felipe Teixeira
São Paulo - SP,29,Pablo,Pablo Gonçalves Maia Fortunato
Cuiabá Saf - MT,0,PABLO,Pablo Henrique Almeida Silva
Flamengo - RJ,30,Pablo,Pablo Nascimento Castro
Atlético Mineiro - MG,28,Muricio Lemos,Paolo Mauricio Lemos Merladett
Atlético Mineiro - MG,49,Patrick,Patrick Bezerra do Nascimento
Vasco da Gama S.a.f. - RJ,0,de Lucca,Patrick de Lucca Chaves de Oliveira
Bahia - BA,0,Patrick Verhon,Patrick Verhon Pertel Pereira
São Paulo - SP,36,Patryck,Patryck Lanza dos Reis
Bahia - BA,0,Paulo Souto,Paulo Ganem Souto Neto
Fluminense - RJ,10,PH GANSO,Paulo Henrique Chagas de Lima
Vasco da Gama S.a.f. - RJ,96,Paulo Henrique,Paulo Henrique de Oliveira Alves
America Saf - MG,0,Paulo,Paulo Henrique Pereira da Silva
Atlético Mineiro - MG,10,Paulinho,Paulo Henrique Sampaio Filho
Vasco da Gama S.a.f. - RJ,29,Paulinho,Paulo Lucas Santos de Paula
Santos - SP,0,Paulo,Paulo Mazoti Azevedo
America Saf - MG,0,PAULO,Paulo Ricardo Alves Ibelli
Vasco da Gama S.a.f. - RJ,29,Paulinho,Paulo Ricardo de Souza Babilonia
Cruzeiro Saf - MG,0,Paulo Vitor,Paulo Vitor Fernandes Pereira
Atlético Mineiro - MG,0,Vitinho,Paulo Vitor Monteiro
Fortaleza - CE,0,Pedro,Pedro Augusto Borges da Costa
Fluminense - RJ,22,Pedro Rangel,Pedro Felipe de Faria Rangel
America Saf - MG,0,Pedrinho,Pedro Gabriel Pereira Lopes
Flamengo - RJ,9,Pedro,Pedro Guilherme Abreu dos Santos
Santos - SP,0,Pedro Henrique,Pedro Henrique Cunha Scaramussa
Corinthians - SP,27,Pedrinho,Pedro Henrique de Assis
Flamengo - RJ,0,Pedrinho,Pedro Henrique Fonseca de Araujo Martins
Cruzeiro Saf - MG,0,Pedrão,Pedro Henrique Franklim da Silva
Internacional - RS,28,Pedro,Pedro Henrique Konzen Medina da Silva
Athletico Paranaense - PR,34,Pedro Henrique,Pedro Henrique Ribeiro Goncalves
Corinthians - SP,27,Pedrinho,Pedro Henrique Silva dos Santos
Goiás - GO,0,Pedrinho,Pedro Junqueira de Oliveira
Coritiba S.a.f. - PR,0,Pedro Morisco,Pedro Luccas Morisco da Silva
Fortaleza - CE,0,Pedro Rocha,Pedro Rocha Neves
Grêmio - RS,0,Geromel,Pedro Tonon Geromel
São Paulo - SP,0,Pedrinho,Pedro Veronez Vilhena
Bahia - BA,0,Vitinho,Pedro Victor da Silva Santos
Atlético Mineiro - MG,38,Pedrinho,Pedro Victor Delmino da Silva
Flamengo - RJ,0,Petterson,Petterson Novaes Reis
Botafogo - RJ,94,Philipe,Philipe Sampaio Azevedo
Goiás - GO,90,Philippe,Philippe Almeida Costa
Corinthians - SP,0,Rafael Ramos,Rafael Antonio Figueiredo Ramos
Cruzeiro Saf - MG,31,Bilu,Rafael Bilu Mudesto
Cruzeiro Saf - MG,1,Rafael Cabral,Rafael Cabral Barbosa
Cruzeiro Saf - MG,0,Rafael Papagaio,Rafael Elias da Silva
Fluminense - RJ,0,Rafael Monteiro,Rafael Monteiro Reis
Botafogo - RJ,2,Rafael,Rafael Pereira da Silva
São Paulo - SP,23,Rafael,Rafael Pires Monteiro
America Saf - MG,0,Rafa,Rafael Raul Barcelos
Bahia - BA,0,Rafael Ratão,Rafael Rogerio da Silva
Bahia - BA,0,Rafael Soares,Rafael Soares de Jesus
Botafogo - RJ,75,RAI,Rai da Silva Pessanha
São Paulo - SP,34,Rai,Rai dos Reis Ramos
Cruzeiro Saf - MG,17,Ramiro,Ramiro Moschen Benetti
Botafogo - RJ,0,Ramon,Ramon Vargas de Jesus Farias
Cuiabá Saf - MT,14,Raniele,Raniele Almeida Melo
Palmeiras - SP,0,Raphael Veiga,Raphael Cavalcante Veiga
Goiás - GO,0,Raphael Guzzo,Raphael Gregorio Guzzo
Bahia - BA,0,Raul Gustavo,Raul Gustavo Pereira Bicalho
Red Bull Bragantino - SP,0,Raul,Raul Lô Gonçalves
Vasco da Gama S.a.f. - RJ,0,Ray,Ray Breno Silva Valentim
Flamengo - RJ,0,Rayan Lucas,Rayan Lucas Marques de Souza
Vasco da Gama S.a.f. - RJ,0,Rayan,Rayan Vitor Simplício Rocha
Grêmio - RS,0,Reinaldo,Reinaldo Manoel da Silva
Cuiabá Saf - MT,0,Renan,Renan Carrasco Veltri
Atlético Mineiro - MG,0,Renan,Renan Cunha Macedo Santana
Athletico Paranaense - PR,0,Renan Viana,Renan Rodrigues Fonseca Viana
America Saf - MG,0,Renato Kayzer,Renato Kayzer de Souza
America Saf - MG,0,Renato,Renato Marques de Oliveira Junior
Corinthians - SP,0,Renato,Renato Santos da Cruz
Corinthians - SP,0,Renato Augusto,Renato Soares de Oliveira Augusto
Internacional - RS,6,Rene,Rene Rodrigues Martins
Santos - SP,0,Renyer,Renyer Luan de Oliveira Damasceno
Atlético Mineiro - MG,26,Renzo Saravia,Renzo Saravia
Atlético Mineiro - MG,4,Rever,Rever Humberto Alves de Araujo
Coritiba S.a.f. - PR,0,Reynaldo,Reynaldo Cesar Moraes
Cruzeiro Saf - MG,0,Rhuan Gabriel,Rhuan Gabriel Rodrigues de Souza Silva
Botafogo - RJ,0,RHUAN,Rhuan Lucas Gonçalves da Costa
Cuiabá Saf - MT,0,RHYAN,Rhyan Luca Carvalho de Arruda
America Saf - MG,45,Ricardo Silva,Ricardo Cesar Dantas da Silva
Internacional - RS,0,Ricardo,Ricardo Mathias da Silva
Palmeiras - SP,27,Richard Rios,Richard Rios Montoya
Cuiabá Saf - MT,0,RIKELME,Rikelme Hernandes Amorim Rocha
Vasco da Gama S.a.f. - RJ,0,Riquelme,Riquelme de Carvalho Araujo Viana
Fortaleza - CE,0,Riquelme,Riquelme de Sousa Gomes Inacio
Palmeiras - SP,0,Riquelme,Riquelme Fillipi Marinho de Souza
Internacional - RS,0,Riquelmy,Riquelmy de Oliveira Santos
São Paulo - SP,5,Arboleda,Robert Abel Arboleda Escobar
Cruzeiro Saf - MG,0,Robert,Robert Vinicius Rodrigues Silva
Botafogo - RJ,0,Gatito Fernandes,Roberto Junior Fernandez Torres
Vasco da Gama S.a.f. - RJ,30,Robson,Robson Alves de Barros
Coritiba S.a.f. - PR,0,Robson,Robson dos Santos Fernandes
Atlético Mineiro - MG,21,Rodrigo Battaglia,Rodrigo Andrés Battaglia
Flamengo - RJ,3,Rodrigo Caio,Rodrigo Caio Coquette Russo
Coritiba S.a.f. - PR,0,Rodrigo,Rodrigo Cunha Pereira de Pinho
Grêmio - RS,0,R. Ely,Rodrigo Ely
Santos - SP,14,Rodrigo,Rodrigo Fernandez Cedres
Flamengo - RJ,0,Rodrigo,Rodrigo Garcia de Lima Baz de Medeiros
America Saf - MG,0,Rodrigo,Rodrigo Henrique Santos de Souza
São Paulo - SP,0,RODRIGUINHO,Rodrigo Huendra Almeida Mendonça
Internacional - RS,4,Moledo,Rodrigo Modesto da Silva Moledo
São Paulo - SP,11,Rodrigo Nestor,Rodrigo Nestor Bertalia
America Saf - MG,0,Rodrigo Varanda,Rodrigo Santos Varanda
Bahia - BA,0,Roger,Roger Gabriel Farias de Jesus
Bahia - BA,0,Roger Pereira,Roger Ruan Pereira Santos
Atlético Mineiro - MG,0,Rômulo,Romulo Helberte Pereira Junior
Athletico Paranaense - PR,35,Romulo,Romulo Jose Cardoso da Cruz
Internacional - RS,40,Romulo,Romulo Zanre Zwarg
Cuiabá Saf - MT,8,Ronald,Ronald Barbosa Raposo
Grêmio - RS,0,Ronald,Ronald Cardoso Falkoski
Cuiabá Saf - MT,8,Ronald,Ronald dos Santos Lopes
Corinthians - SP,29,Roni,Roni Medeiros de Moura
Palmeiras - SP,0,Rony,Ronielson da Silva Barbosa
Vasco da Gama S.a.f. - RJ,0,Rossi,Rosicley Pereira da Silva
Corinthians - SP,0,RUAN,Ruan de Oliveira Ferreira
Coritiba S.a.f. - PR,0,Ruan Lucas,Ruan Lucas de Assis
Cruzeiro Saf - MG,0,Ruan Matheus,Ruan Matheus Rodrigues Santos
Cruzeiro Saf - MG,0,RUAN,Ruan Silva Fonseca
Atlético Mineiro - MG,44,Rubens,Rubens Antonio Dias
Bahia - BA,0,Ryan,Ryan Carlos Santos de Sousa
São Paulo - SP,0,Ryan Francisco,Ryan Francisco Rodrigues dos Santos Silva
Corinthians - SP,0,RYAN,Ryan Gustavo de Lima
America Saf - MG,0,SAMUEL ALVES,Samuel Alves Barroso
Fluminense - RJ,2,Samuel Xavier,Samuel Xavier Brito
Goiás - GO,6,Sander,Sander Henrique Bortolotto
Santos - SP,6,Sandry,Sandry Roberto Santos Goes
Coritiba S.a.f. - PR,0,Sebastian Gomez,Sebastian Gomez Londono
Vasco da Gama S.a.f. - RJ,0,Serginho,Sergio Antonio da Luz Junior
Internacional - RS,0,Rochet,Sergio Ramon Rochet Alvarez
Goiás - GO,4,Sidimar,Sidimar Fernando Cigolini
Bahia - BA,0,Sidney,Sidney de Carvalho Duarte
Fortaleza - CE,18,Silvio Romero,Silvio Ezequiel Romero
Cruzeiro Saf - MG,22,Stênio,Stenio Zanetti Toledo
Goiás - GO,23,Tadeu,Tadeu Antonio Ferreira
Red Bull Bragantino - SP,21,Talisson,Talisson de Almeida
São Paulo - SP,0,Talles Costa,Talles Macedo Toledo Costa
São Paulo - SP,0,Talles,Talles Wander Santos Ribeiro
Cuiabá Saf - MT,0,Tarcisio,Tarcisio Lopes Dionizio Muniz
Cuiabá Saf - MT,0,TAUAN,Tauan Gabriel da Silva Santos
Bahia - BA,0,Thaciano,Thaciano Mickael da Silva
Coritiba S.a.f. - PR,0,Thalisson Gabriel,Thalisson Gabriel Pereira Moreira
Palmeiras - SP,0,THALYS,Thalys Henrique Gomes de Araujo
Internacional - RS,36,THAUAN LARA,Thauan Lara dos Santos
Grêmio - RS,0,Thiago Beltrame,Thiago Beltrame Stallbaum
Coritiba S.a.f. - PR,0,Thiago Dombroski,Thiago Dombroski Moreira
Fluminense - RJ,29,Thiago Santos,Thiago dos Santos
Athletico Paranaense - PR,19,Thiago,Thiago Eduardo de Andrade
Fortaleza - CE,91,Thiago Galhardo,Thiago Galhardo do Nascimento Rocha
Athletico Paranaense - PR,44,Thiago Heleno,Thiago Heleno Henrique Ferreira
Fluminense - RJ,0,Thiago,Thiago Henrique Gonçalves Silva
Flamengo - RJ,8,Thiago Maia,Thiago Maia Alencar
Red Bull Bragantino - SP,18,Thiago Borbas,Thiago Nicolas Borbas Silva
Corinthians - SP,0,Thomas,Thomas Rafael Gonçalves Lisboa
Cuiabá Saf - MT,0,THOMAS,Thomas Ubisk da Silva
Bahia - BA,0,Tiago Gomes,Tiago Gomes dos Santos
Bahia - BA,0,Tiago,Tiago Souza de Jesus Carvalho
Cuiabá Saf - MT,0,TITTO,Titto Teles Vasconcelos Mattos
Fortaleza - CE,0,Tobias,Tobias Pereira Figueiredo
Santos - SP,0,Tomás Rincón,Tomás Eduardo Rincón Hernández
Athletico Paranaense - PR,28,Cuello,Tomas Esteban Cuello
Fortaleza - CE,7,Pochettino,Tomas Pochettino
Cuiabá Saf - MT,0,Uendel,Uendel Pereira Goncalves
Santos - SP,0,Junior Caiçara,Uilson de Souza Paula Junior
Botafogo - RJ,0,Valentín Adamo,Valentín Nicolás Adamo Reyes
Palmeiras - SP,6,Vanderlan,Vanderlan Barbosa da Silva
Vasco da Gama S.a.f. - RJ,0,Victor Araujo,Victor Araujo de Alencar Oliveira
Corinthians - SP,24,Cantillo,Victor Danilo Cantillo Jimenez
Corinthians - SP,0,Vitinho,Victor de Oliveira Souza Silva
Flamengo - RJ,29,Victor Hugo,Victor Hugo Gomes Silva
Bahia - BA,0,Kanu,Victor Hugo Soares dos Santos
Botafogo - RJ,15,Victor Cuesta,Victor Leandro Cuesta
Coritiba S.a.f. - PR,0,Victor,Victor Luis Chuab Zamblauskas
Cuiabá Saf - MT,3,Victor Matheus,Victor Matheus dos Santos Gonçalves
Grêmio - RS,0,Viery,Viery Fernandes Santos Lopes
Bahia - BA,0,Mingotti,Vinicius Alessandro Mingotti
Corinthians - SP,0,Vinicius,Vinicius Cressi
Internacional - RS,0,Vinicius Souza,Vinicius de Souza Alves
Cuiabá Saf - MT,0,Vinicius Dorneles,Vinicius Dorneles Teixeira
Athletico Paranaense - PR,0,Vinícius Kauê,Vinicius Kaue Ribeiro Ferreira
Red Bull Bragantino - SP,0,Vinicinho,Vinicius Mendonca Pereira
Fluminense - RJ,45,Lima,Vinicius Moreira de Lima
Fortaleza - CE,25,Zanocelo,Vinicius Nelson de Souza Zanocelo
Cuiabá Saf - MT,0,PERUCHI,Vinicius Pasquini Peruchi
Goiás - GO,7,Vinicius,Vinicius Rodrigues Adelino dos Santos
Goiás - GO,7,Vinicius,Vinicius Santos Silva
Cuiabá Saf - MT,26,Vinicius,Vinicius Teodoro Barreta Melo
Corinthians - SP,0,Vitor Meer,Vitor Alves Meer
Palmeiras - SP,0,Vitor Reis,Vitor de Oliveira Nunes dos Reis
Palmeiras - SP,0,Figueiredo,Vitor dos Santos Figueiredo
Internacional - RS,44,Vitão,Vitor Eduardo da Silva Matos
Fluminense - RJ,98,Vitor Eudes,Vitor Eudes de Souza Costa
Athletico Paranaense - PR,8,Vitor Bueno,Vitor Frezarin Bueno
Atlético Mineiro - MG,0,Vitor Gabriel,Vitor Gabriel Reis Guimaraes
Cruzeiro Saf - MG,0,Vitor Hugo,Vitor Hugo Amorim de Assis
Bahia - BA,0,Vitor Hugo,Vitor Hugo Franchescoli de Souza
Botafogo - RJ,0,Sapata,Vitor Hugo Morais de Oliveira
Red Bull Bragantino - SP,0,Vitinho,Vitor Hugo Naum dos Santos
Athletico Paranaense - PR,9,Vitor Roque,Vitor Hugo Roque Ferreira
Atlético Mineiro - MG,0,Vitor Graziani,Vitor Hugo Santos Graziani
Fluminense - RJ,4,Vitor Mendes,Vitor Mendes Alves
Santos - SP,1,Vladimir,Vladimir Orlando Cardoso de Araujo Filho
São Paulo - SP,0,Walce,Walce da Silva Costa Filho
Flamengo - RJ,0,Wallace Yan,Wallace Yan de Souza Barreto
Botafogo - RJ,0,Wallison,Wallison Nunes Silva
Grêmio - RS,4,Kannemann,Walter Kannemann
Cuiabá Saf - MT,1,Walter,Walter Leandro Capeloza Artune
Internacional - RS,11,WANDERSON,Wanderson Maciel Sousa Campos
America Saf - MG,4,Wanderson,Wanderson Santos Pereira
America Saf - MG,0,Aguerre,Washington Omar Aguerre Lima
São Paulo - SP,0,Welington,Welington Damascena Santos
Cuiabá Saf - MT,11,Wellington Silva,Wellington Alves da Silva
America Saf - MG,9,Wellington Paulista,Wellington Pereira do Nascimento
São Paulo - SP,27,Wellington Rato,Wellington Soares da Silva
Bahia - BA,0,Wendel Canela,Wendel Santana Franca
Flamengo - RJ,0,Werton,Werton de Almeida Rego
Grêmio - RS,0,Wesley,Wesley Costa da Silva
Cruzeiro Saf - MG,0,Wesley,Wesley David de Oliveira Andrade
Red Bull Bragantino - SP,0,Wesley,Wesley Gabriel Freire Arcanjo
Corinthians - SP,0,Wesley,Wesley Gassova Ribeiro Teixeira
Cruzeiro Saf - MG,11,Wesley Ribeiro Silva,Wesley Ribeiro Silva
Flamengo - RJ,43,Wesley,Wesley Vinicius França Lima
Santos - SP,0,Weslley,Weslley Pinto Batista
Palmeiras - SP,21,Weverton,Weverton Pereira da Silva
Cruzeiro Saf - MG,0,Weverton,Weverton Silva de Andrade
Cruzeiro Saf - MG,12,William,William de Asevedo Furtado
São Paulo - SP,0,William,William Gomes Carvalho Santos
Athletico Paranaense - PR,11,Willian,Willian Gomes de Siqueira
Goiás - GO,12,Willian Oliveira,Willian Osmar de Oliveira Silva
Coritiba S.a.f. - PR,0,Willian Farias,Willian Roberto de Farias
Bahia - BA,0,Yago Felipe,Yago Felipe da Costa Rocha
America Saf - MG,0,Yago,Yago Santos de Andrade
America Saf - MG,0,Yago,Yago Souza de Santana
Atlético Mineiro - MG,0,Yan Philipe,Yan Philipe Oliveira Lemos
Red Bull Bragantino - SP,0,Yani Quintero,Yani David Quintero Rivas
Botafogo - RJ,0,YARLEN,Yarlen Faustino Augusto
Santos - SP,10,Yeferson Soteldo,Yeferson Julio Soteldo Martinez
Fluminense - RJ,0,Yony Gonzalez,Yony Alexander Gonzalez Copete
São Paulo - SP,0,Yang,Young Navarro Moraes
São Paulo - SP,0,Ythallo,Ythallo Ryckelm Rodrigues de Oliveira
Corinthians - SP,9,Yuri Alberto,Yuri Alberto Monteiro da Silva
