Rodada,Numero,Mandante,Visitante,PontosMandante,PontosVisitante,Local,Data
1,1,Flamengo - RJ,Coritiba S.a.f. - PR,3.0,0.0,Maracanã - Rio de Janeiro - RJ,"Domingo, 16 de Abril de 2023 16:00"
1,2,Botafogo - RJ,São Paulo - SP,2.0,1.0,Nilton Santos - Rio de Janeiro - RJ,"Sábado, 15 de Abril de 2023 18:30"
1,3,Palmeiras - SP,Cuiabá Saf - MT,2.0,1.0,Allianz Parque - Sao Paulo - SP,"Sábado, 15 de Abril de 2023 16:00"
1,4,Corinthians - SP,Cruzeiro Saf - MG,2.0,1.0,Neo Química Arena - Sao Paulo - SP,"Domingo, 16 de Abril de 2023 16:00"
1,5,Red Bull Bragantino - SP,Bahia - BA,2.0,1.0,Nabi Abi Chedid - Braganca Paulista - SP,"Sábado, 15 de Abril de 2023 18:30"
1,6,Atlético Mineiro - MG,Vasco da Gama S.a.f. - RJ,1.0,2.0,Mineirão - Belo Horizonte - MG,"Sábado, 15 de Abril de 2023 21:00"
1,7,Grêmio - RS,Santos - SP,1.0,0.0,Alfredo Jaconi - Caxias do Sul - RS,"Domingo, 16 de Abril de 2023 18:30"
1,8,Athletico Paranaense - PR,Goiás - GO,2.0,0.0,Ligga Arena - Curitiba - PR,"Sábado, 15 de Abril de 2023 18:30"
1,9,Fortaleza - CE,Internacional - RS,1.0,1.0,Arena Castelão - Fortaleza - CE,"Sábado, 15 de Abril de 2023 18:30"
1,10,America Saf - MG,Fluminense - RJ,0.0,3.0,Independência - Belo Horizonte - MG,"Sábado, 15 de Abril de 2023 16:00"
1,11,Fluminense - RJ,Athletico Paranaense - PR,2.0,0.0,Maracanã - Rio de Janeiro - RJ,"Sábado, 22 de Abril de 2023 16:00"
1,12,Vasco da Gama S.a.f. - RJ,Palmeiras - SP,2.0,2.0,Maracanã - Rio de Janeiro - RJ,"Domingo, 23 de Abril de 2023 16:00"
1,13,São Paulo - SP,America Saf - MG,3.0,0.0,Morumbi - Sao Paulo - SP,"Sábado, 22 de Abril de 2023 18:30"
1,14,Santos - SP,Atlético Mineiro - MG,0.0,0.0,Vila Belmiro - Santos - SP,"Domingo, 23 de Abril de 2023 16:00"
1,15,Goiás - GO,Corinthians - SP,3.0,1.0,Hailé Pinheiro - Goiania - GO,"Domingo, 23 de Abril de 2023 19:00"
1,16,Cruzeiro Saf - MG,Grêmio - RS,1.0,0.0,Independência - Belo Horizonte - MG,"Sábado, 22 de Abril de 2023 21:00"
1,17,Internacional - RS,Flamengo - RJ,2.0,1.0,Beira-Rio - Porto Alegre - RS,"Domingo, 23 de Abril de 2023 11:00"
1,18,Coritiba S.a.f. - PR,Fortaleza - CE,0.0,3.0,Couto Pereira - Curitiba - PR,"Domingo, 23 de Abril de 2023 18:30"
1,19,Bahia - BA,Botafogo - RJ,1.0,2.0,Arena Fonte Nova - Salvador - BA,"Segunda, 24 de Abril de 2023 20:00"
1,20,Cuiabá Saf - MT,Red Bull Bragantino - SP,1.0,1.0,Arena Pantanal - Cuiaba - MT,"Sábado, 22 de Abril de 2023 18:30"
1,21,Flamengo - RJ,Botafogo - RJ,2.0,3.0,Maracanã - Rio de Janeiro - RJ,"Domingo, 30 de Abril de 2023 16:00"
1,22,Vasco da Gama S.a.f. - RJ,Bahia - BA,0.0,1.0,São Januário - Rio de Janeiro - RJ,"Segunda, 01 de Maio de 2023 20:00"
1,23,Palmeiras - SP,Corinthians - SP,2.0,1.0,Allianz Parque - Sao Paulo - SP,"Sábado, 29 de Abril de 2023 18:30"
1,24,Santos - SP,America Saf - MG,3.0,2.0,Vila Belmiro - Santos - SP,"Sábado, 29 de Abril de 2023 18:30"
1,25,Red Bull Bragantino - SP,Cruzeiro Saf - MG,0.0,3.0,Nabi Abi Chedid - Braganca Paulista - SP,"Sábado, 29 de Abril de 2023 18:30"
1,26,Atlético Mineiro - MG,Athletico Paranaense - PR,2.0,1.0,Independência - Belo Horizonte - MG,"Sábado, 29 de Abril de 2023 21:00"
1,27,Internacional - RS,Goiás - GO,1.0,0.0,Beira-Rio - Porto Alegre - RS,"Domingo, 30 de Abril de 2023 18:30"
1,28,Coritiba S.a.f. - PR,São Paulo - SP,1.0,1.0,Couto Pereira - Curitiba - PR,"Sábado, 29 de Abril de 2023 16:30"
1,29,Fortaleza - CE,Fluminense - RJ,4.0,2.0,Arena Castelão - Fortaleza - CE,"Sábado, 29 de Abril de 2023 16:30"
1,30,Cuiabá Saf - MT,Grêmio - RS,1.0,2.0,Arena Pantanal - Cuiaba - MT,"Domingo, 30 de Abril de 2023 18:30"
1,31,Fluminense - RJ,Vasco da Gama S.a.f. - RJ,1.0,1.0,Maracanã - Rio de Janeiro - RJ,"Sábado, 06 de Maio de 2023 21:00"
1,32,Botafogo - RJ,Atlético Mineiro - MG,2.0,0.0,Nilton Santos - Rio de Janeiro - RJ,"Domingo, 07 de Maio de 2023 18:30"
1,33,São Paulo - SP,Internacional - RS,2.0,0.0,Morumbi - Sao Paulo - SP,"Domingo, 07 de Maio de 2023 16:00"
1,34,Corinthians - SP,Fortaleza - CE,1.0,1.0,Neo Química Arena - Sao Paulo - SP,"Segunda, 08 de Maio de 2023 20:00"
1,35,Goiás - GO,Palmeiras - SP,0.0,5.0,Hailé Pinheiro - Goiania - GO,"Domingo, 07 de Maio de 2023 18:30"
1,36,Cruzeiro Saf - MG,Santos - SP,2.0,1.0,Independência - Belo Horizonte - MG,"Sábado, 06 de Maio de 2023 16:00"
1,37,Grêmio - RS,Red Bull Bragantino - SP,3.0,3.0,Arena do Grêmio - Porto Alegre - RS,"Domingo, 07 de Maio de 2023 18:30"
2,38,Athletico Paranaense - PR,Flamengo - RJ,2.0,1.0,Ligga Arena - Curitiba - PR,"Domingo, 07 de Maio de 2023 16:00"
2,39,Bahia - BA,Coritiba S.a.f. - PR,3.0,1.0,Arena Fonte Nova - Salvador - BA,"Domingo, 07 de Maio de 2023 16:00"
2,40,America Saf - MG,Cuiabá Saf - MT,1.0,2.0,Independência - Belo Horizonte - MG,"Domingo, 07 de Maio de 2023 11:00"
2,41,Flamengo - RJ,Goiás - GO,2.0,0.0,Maracanã - Rio de Janeiro - RJ,"Quarta, 10 de Maio de 2023 20:00"
2,42,Botafogo - RJ,Corinthians - SP,3.0,0.0,Nilton Santos - Rio de Janeiro - RJ,"Quinta, 11 de Maio de 2023 19:30"
2,43,Palmeiras - SP,Grêmio - RS,4.0,1.0,Allianz Parque - Sao Paulo - SP,"Quarta, 10 de Maio de 2023 21:30"
2,44,Santos - SP,Bahia - BA,3.0,0.0,Vila Belmiro - Santos - SP,"Quarta, 10 de Maio de 2023 19:00"
2,45,Red Bull Bragantino - SP,America Saf - MG,2.0,2.0,Nabi Abi Chedid - Braganca Paulista - SP,"Quarta, 10 de Maio de 2023 19:00"
2,46,Cruzeiro Saf - MG,Fluminense - RJ,0.0,2.0,Mineirão - Belo Horizonte - MG,"Quarta, 10 de Maio de 2023 21:30"
2,47,Internacional - RS,Athletico Paranaense - PR,0.0,2.0,Beira-Rio - Porto Alegre - RS,"Quarta, 10 de Maio de 2023 19:00"
2,48,Coritiba S.a.f. - PR,Vasco da Gama S.a.f. - RJ,1.0,1.0,Couto Pereira - Curitiba - PR,"Quinta, 11 de Maio de 2023 19:00"
2,49,Fortaleza - CE,São Paulo - SP,0.0,0.0,Arena Castelão - Fortaleza - CE,"Quinta, 11 de Maio de 2023 20:00"
2,50,Cuiabá Saf - MT,Atlético Mineiro - MG,0.0,4.0,Arena Pantanal - Cuiaba - MT,"Quarta, 10 de Maio de 2023 20:00"
2,51,Fluminense - RJ,Cuiabá Saf - MT,2.0,0.0,Maracanã - Rio de Janeiro - RJ,"Sábado, 13 de Maio de 2023 18:30"
2,52,Vasco da Gama S.a.f. - RJ,Santos - SP,0.0,1.0,São Januário - Rio de Janeiro - RJ,"Domingo, 14 de Maio de 2023 16:00"
2,53,Palmeiras - SP,Red Bull Bragantino - SP,1.0,1.0,Allianz Parque - Sao Paulo - SP,"Sábado, 13 de Maio de 2023 18:30"
2,54,Corinthians - SP,São Paulo - SP,1.0,1.0,Neo Química Arena - Sao Paulo - SP,"Domingo, 14 de Maio de 2023 16:00"
2,55,Goiás - GO,Botafogo - RJ,2.0,1.0,Hailé Pinheiro - Goiania - GO,"Domingo, 14 de Maio de 2023 18:30"
2,56,Atlético Mineiro - MG,Internacional - RS,2.0,0.0,Mineirão - Belo Horizonte - MG,"Sábado, 13 de Maio de 2023 21:00"
2,57,Grêmio - RS,Fortaleza - CE,0.0,0.0,Arena do Grêmio - Porto Alegre - RS,"Domingo, 14 de Maio de 2023 16:00"
2,58,Athletico Paranaense - PR,Coritiba S.a.f. - PR,3.0,2.0,Ligga Arena - Curitiba - PR,"Domingo, 14 de Maio de 2023 18:30"
2,59,Bahia - BA,Flamengo - RJ,2.0,3.0,Arena Fonte Nova - Salvador - BA,"Sábado, 13 de Maio de 2023 16:00"
2,60,America Saf - MG,Cruzeiro Saf - MG,0.0,4.0,Independência - Belo Horizonte - MG,"Domingo, 14 de Maio de 2023 18:30"
2,61,Flamengo - RJ,Corinthians - SP,1.0,0.0,Maracanã - Rio de Janeiro - RJ,"Domingo, 21 de Maio de 2023 16:00"
2,62,Botafogo - RJ,Fluminense - RJ,1.0,0.0,Nilton Santos - Rio de Janeiro - RJ,"Sábado, 20 de Maio de 2023 18:30"
2,63,São Paulo - SP,Vasco da Gama S.a.f. - RJ,4.0,2.0,Morumbi - Sao Paulo - SP,"Sábado, 20 de Maio de 2023 18:30"
2,64,Santos - SP,Palmeiras - SP,0.0,0.0,Vila Belmiro - Santos - SP,"Sábado, 20 de Maio de 2023 21:00"
2,65,Red Bull Bragantino - SP,Athletico Paranaense - PR,2.0,0.0,Nabi Abi Chedid - Braganca Paulista - SP,"Sábado, 20 de Maio de 2023 18:30"
2,66,Cruzeiro Saf - MG,Cuiabá Saf - MT,0.0,1.0,Arena do Jacaré - Sete Lagoas - MG,"Segunda, 22 de Maio de 2023 20:00"
2,67,Grêmio - RS,Internacional - RS,3.0,1.0,Arena do Grêmio - Porto Alegre - RS,"Domingo, 21 de Maio de 2023 18:30"
2,68,Coritiba S.a.f. - PR,Atlético Mineiro - MG,1.0,2.0,Couto Pereira - Curitiba - PR,"Sábado, 20 de Maio de 2023 18:30"
2,69,Bahia - BA,Goiás - GO,1.0,1.0,Arena Fonte Nova - Salvador - BA,"Sábado, 20 de Maio de 2023 16:00"
2,70,America Saf - MG,Fortaleza - CE,2.0,1.0,Independência - Belo Horizonte - MG,"Sábado, 20 de Maio de 2023 18:30"
2,71,Flamengo - RJ,Cruzeiro Saf - MG,1.0,1.0,Maracanã - Rio de Janeiro - RJ,"Sábado, 27 de Maio de 2023 18:30"
2,72,Botafogo - RJ,America Saf - MG,2.0,0.0,Nilton Santos - Rio de Janeiro - RJ,"Domingo, 28 de Maio de 2023 19:00"
2,73,São Paulo - SP,Goiás - GO,2.0,1.0,Morumbi - Sao Paulo - SP,"Sábado, 27 de Maio de 2023 21:00"
2,74,Corinthians - SP,Fluminense - RJ,2.0,0.0,Neo Química Arena - Sao Paulo - SP,"Domingo, 28 de Maio de 2023 16:00"
2,75,Red Bull Bragantino - SP,Santos - SP,2.0,0.0,Nabi Abi Chedid - Braganca Paulista - SP,"Domingo, 28 de Maio de 2023 18:30"
3,76,Atlético Mineiro - MG,Palmeiras - SP,1.0,1.0,Mineirão - Belo Horizonte - MG,"Domingo, 28 de Maio de 2023 18:30"
3,77,Internacional - RS,Bahia - BA,2.0,0.0,Beira-Rio - Porto Alegre - RS,"Domingo, 28 de Maio de 2023 16:00"
3,78,Athletico Paranaense - PR,Grêmio - RS,1.0,2.0,Ligga Arena - Curitiba - PR,"Sábado, 27 de Maio de 2023 16:00"
3,79,Fortaleza - CE,Vasco da Gama S.a.f. - RJ,2.0,0.0,Arena Castelão - Fortaleza - CE,"Sábado, 27 de Maio de 2023 16:00"
3,80,Cuiabá Saf - MT,Coritiba S.a.f. - PR,1.0,1.0,Arena Pantanal - Cuiaba - MT,"Sábado, 27 de Maio de 2023 18:30"
3,81,Fluminense - RJ,Red Bull Bragantino - SP,2.0,1.0,Maracanã - Rio de Janeiro - RJ,"Domingo, 04 de Junho de 2023 16:00"
3,82,Vasco da Gama S.a.f. - RJ,Flamengo - RJ,1.0,4.0,Maracanã - Rio de Janeiro - RJ,"Segunda, 05 de Junho de 2023 20:00"
3,83,Palmeiras - SP,Coritiba S.a.f. - PR,3.0,1.0,Allianz Parque - Sao Paulo - SP,"Domingo, 04 de Junho de 2023 18:30"
3,84,Santos - SP,Internacional - RS,1.0,1.0,Vila Belmiro - Santos - SP,"Sábado, 03 de Junho de 2023 21:00"
3,85,Goiás - GO,Cuiabá Saf - MT,0.0,1.0,Hailé Pinheiro - Goiania - GO,"Domingo, 04 de Junho de 2023 18:30"
3,86,Cruzeiro Saf - MG,Atlético Mineiro - MG,0.0,1.0,Parque do Sabiá - Uberlandia - MG,"Sábado, 03 de Junho de 2023 18:30"
3,87,Grêmio - RS,São Paulo - SP,2.0,1.0,Arena do Grêmio - Porto Alegre - RS,"Domingo, 04 de Junho de 2023 16:00"
3,88,Athletico Paranaense - PR,Botafogo - RJ,1.0,0.0,Ligga Arena - Curitiba - PR,"Sábado, 03 de Junho de 2023 18:30"
3,89,Fortaleza - CE,Bahia - BA,0.0,0.0,Arena Castelão - Fortaleza - CE,"Sábado, 03 de Junho de 2023 16:00"
3,90,America Saf - MG,Corinthians - SP,2.0,0.0,Independência - Belo Horizonte - MG,"Sábado, 03 de Junho de 2023 18:30"
3,91,Flamengo - RJ,Grêmio - RS,3.0,0.0,Maracanã - Rio de Janeiro - RJ,"Domingo, 11 de Junho de 2023 18:30"
3,92,Botafogo - RJ,Fortaleza - CE,2.0,0.0,Nilton Santos - Rio de Janeiro - RJ,"Sábado, 10 de Junho de 2023 21:00"
3,93,São Paulo - SP,Palmeiras - SP,0.0,2.0,Morumbi - Sao Paulo - SP,"Domingo, 11 de Junho de 2023 16:00"
3,94,Corinthians - SP,Cuiabá Saf - MT,1.0,1.0,Neo Química Arena - Sao Paulo - SP,"Sábado, 10 de Junho de 2023 18:30"
3,95,Goiás - GO,Fluminense - RJ,2.0,2.0,Hailé Pinheiro - Goiania - GO,"Domingo, 11 de Junho de 2023 18:30"
3,96,Atlético Mineiro - MG,Red Bull Bragantino - SP,1.0,1.0,Mineirão - Belo Horizonte - MG,"Sábado, 10 de Junho de 2023 18:30"
3,97,Internacional - RS,Vasco da Gama S.a.f. - RJ,2.0,1.0,Beira-Rio - Porto Alegre - RS,"Domingo, 11 de Junho de 2023 16:00"
3,98,Coritiba S.a.f. - PR,Santos - SP,0.0,0.0,Couto Pereira - Curitiba - PR,"Sábado, 10 de Junho de 2023 16:00"
3,99,Bahia - BA,Cruzeiro Saf - MG,2.0,2.0,Arena Fonte Nova - Salvador - BA,"Sábado, 10 de Junho de 2023 18:30"
3,100,America Saf - MG,Athletico Paranaense - PR,2.0,2.0,Mineirão - Belo Horizonte - MG,"Domingo, 11 de Junho de 2023 11:00"
3,101,Fluminense - RJ,Atlético Mineiro - MG,1.0,1.0,Raulino de Oliveira - Volta Redonda - RJ,"Quarta, 21 de Junho de 2023 21:30"
3,102,Vasco da Gama S.a.f. - RJ,Goiás - GO,0.0,1.0,São Januário - Rio de Janeiro - RJ,"Quinta, 22 de Junho de 2023 20:00"
3,103,São Paulo - SP,Athletico Paranaense - PR,2.0,1.0,Morumbi - Sao Paulo - SP,"Quarta, 21 de Junho de 2023 19:00"
3,104,Santos - SP,Corinthians - SP,0.0,2.0,Vila Belmiro - Santos - SP,"Quarta, 21 de Junho de 2023 20:00"
3,105,Red Bull Bragantino - SP,Flamengo - RJ,4.0,0.0,Nabi Abi Chedid - Braganca Paulista - SP,"Quinta, 22 de Junho de 2023 21:30"
3,106,Cruzeiro Saf - MG,Fortaleza - CE,0.0,1.0,Mineirão - Belo Horizonte - MG,"Quarta, 21 de Junho de 2023 19:00"
3,107,Grêmio - RS,America Saf - MG,3.0,1.0,Arena do Grêmio - Porto Alegre - RS,"Quinta, 22 de Junho de 2023 19:00"
3,108,Coritiba S.a.f. - PR,Internacional - RS,0.0,1.0,Couto Pereira - Curitiba - PR,"Quinta, 22 de Junho de 2023 20:00"
3,109,Bahia - BA,Palmeiras - SP,1.0,0.0,Arena Fonte Nova - Salvador - BA,"Quarta, 21 de Junho de 2023 21:30"
3,110,Cuiabá Saf - MT,Botafogo - RJ,0.0,1.0,Arena Pantanal - Cuiaba - MT,"Quinta, 22 de Junho de 2023 20:00"
3,111,Fluminense - RJ,Bahia - BA,2.0,1.0,Maracanã - Rio de Janeiro - RJ,"Sábado, 24 de Junho de 2023 18:30"
3,112,Vasco da Gama S.a.f. - RJ,Cuiabá Saf - MT,1.0,0.0,Luso Brasileiro - Rio de Janeiro - RJ,"Segunda, 26 de Junho de 2023 21:00"
3,113,Palmeiras - SP,Botafogo - RJ,0.0,1.0,Allianz Parque - Sao Paulo - SP,"Domingo, 25 de Junho de 2023 16:00"
4,114,Santos - SP,Flamengo - RJ,2.0,3.0,Vila Belmiro - Santos - SP,"Domingo, 25 de Junho de 2023 18:30"
4,115,Red Bull Bragantino - SP,Goiás - GO,2.0,0.0,Nabi Abi Chedid - Braganca Paulista - SP,"Domingo, 25 de Junho de 2023 18:30"
4,116,Cruzeiro Saf - MG,São Paulo - SP,1.0,0.0,Independência - Belo Horizonte - MG,"Sábado, 24 de Junho de 2023 21:00"
4,117,Grêmio - RS,Coritiba S.a.f. - PR,5.0,1.0,Arena do Grêmio - Porto Alegre - RS,"Domingo, 25 de Junho de 2023 16:00"
4,118,Athletico Paranaense - PR,Corinthians - SP,1.0,0.0,Ligga Arena - Curitiba - PR,"Sábado, 24 de Junho de 2023 16:00"
4,119,Fortaleza - CE,Atlético Mineiro - MG,2.0,1.0,Arena Castelão - Fortaleza - CE,"Sábado, 24 de Junho de 2023 18:30"
4,120,America Saf - MG,Internacional - RS,1.0,2.0,Independência - Belo Horizonte - MG,"Domingo, 25 de Junho de 2023 18:30"
4,121,Flamengo - RJ,Fortaleza - CE,2.0,0.0,Maracanã - Rio de Janeiro - RJ,"Sábado, 01 de Julho de 2023 18:30"
4,122,Botafogo - RJ,Vasco da Gama S.a.f. - RJ,2.0,0.0,Nilton Santos - Rio de Janeiro - RJ,"Domingo, 02 de Julho de 2023 16:00"
4,123,São Paulo - SP,Fluminense - RJ,1.0,0.0,Morumbi - Sao Paulo - SP,"Sábado, 01 de Julho de 2023 16:00"
4,124,Corinthians - SP,Red Bull Bragantino - SP,0.0,1.0,Neo Química Arena - Sao Paulo - SP,"Domingo, 02 de Julho de 2023 11:00"
4,125,Goiás - GO,Coritiba S.a.f. - PR,1.0,2.0,Hailé Pinheiro - Goiania - GO,"Segunda, 03 de Julho de 2023 20:00"
4,126,Atlético Mineiro - MG,America Saf - MG,2.0,2.0,Mineirão - Belo Horizonte - MG,"Domingo, 02 de Julho de 2023 16:00"
4,127,Internacional - RS,Cruzeiro Saf - MG,0.0,0.0,Beira-Rio - Porto Alegre - RS,"Sábado, 01 de Julho de 2023 21:00"
4,128,Athletico Paranaense - PR,Palmeiras - SP,2.0,2.0,Ligga Arena - Curitiba - PR,"Domingo, 02 de Julho de 2023 16:00"
4,129,Bahia - BA,Grêmio - RS,1.0,2.0,Arena Fonte Nova - Salvador - BA,"Sábado, 01 de Julho de 2023 18:30"
4,130,Cuiabá Saf - MT,Santos - SP,3.0,0.0,Arena Pantanal - Cuiaba - MT,"Domingo, 02 de Julho de 2023 18:30"
4,131,Fluminense - RJ,Internacional - RS,2.0,0.0,Maracanã - Rio de Janeiro - RJ,"Domingo, 09 de Julho de 2023 16:00"
4,132,Vasco da Gama S.a.f. - RJ,Cruzeiro Saf - MG,0.0,1.0,São Januário - Rio de Janeiro - RJ,"Sábado, 08 de Julho de 2023 16:00"
4,133,Palmeiras - SP,Flamengo - RJ,1.0,1.0,Allianz Parque - Sao Paulo - SP,"Sábado, 08 de Julho de 2023 21:00"
4,134,Santos - SP,Goiás - GO,4.0,3.0,Vila Belmiro - Santos - SP,"Domingo, 09 de Julho de 2023 11:00"
4,135,Red Bull Bragantino - SP,São Paulo - SP,0.0,0.0,Nabi Abi Chedid - Braganca Paulista - SP,"Domingo, 09 de Julho de 2023 16:00"
4,136,Atlético Mineiro - MG,Corinthians - SP,0.0,1.0,Mineirão - Belo Horizonte - MG,"Sábado, 08 de Julho de 2023 18:30"
4,137,Grêmio - RS,Botafogo - RJ,0.0,2.0,Arena do Grêmio - Porto Alegre - RS,"Domingo, 09 de Julho de 2023 18:30"
4,138,Coritiba S.a.f. - PR,America Saf - MG,3.0,1.0,Couto Pereira - Curitiba - PR,"Sábado, 08 de Julho de 2023 18:30"
4,139,Fortaleza - CE,Athletico Paranaense - PR,1.0,0.0,Arena Castelão - Fortaleza - CE,"Domingo, 09 de Julho de 2023 18:30"
4,140,Cuiabá Saf - MT,Bahia - BA,1.0,1.0,Arena Pantanal - Cuiaba - MT,"Sábado, 08 de Julho de 2023 16:00"
4,141,Fluminense - RJ,Flamengo - RJ,0.0,0.0,Maracanã - Rio de Janeiro - RJ,"Domingo, 16 de Julho de 2023 16:00"
4,142,Botafogo - RJ,Red Bull Bragantino - SP,2.0,0.0,Nilton Santos - Rio de Janeiro - RJ,"Sábado, 15 de Julho de 2023 21:00"
4,143,São Paulo - SP,Santos - SP,4.0,1.0,Morumbi - Sao Paulo - SP,"Domingo, 16 de Julho de 2023 16:00"
4,144,Corinthians - SP,Grêmio - RS,4.0,4.0,Neo Química Arena - Sao Paulo - SP,"Segunda, 18 de Setembro de 2023 21:00"
4,145,Goiás - GO,Atlético Mineiro - MG,0.0,0.0,Hailé Pinheiro - Goiania - GO,"Segunda, 17 de Julho de 2023 20:00"
4,146,Cruzeiro Saf - MG,Coritiba S.a.f. - PR,0.0,0.0,Independência - Belo Horizonte - MG,"Domingo, 16 de Julho de 2023 11:00"
4,147,Internacional - RS,Palmeiras - SP,0.0,0.0,Beira-Rio - Porto Alegre - RS,"Domingo, 16 de Julho de 2023 18:30"
4,148,Athletico Paranaense - PR,Bahia - BA,2.0,0.0,Ligga Arena - Curitiba - PR,"Domingo, 16 de Julho de 2023 18:30"
4,149,Fortaleza - CE,Cuiabá Saf - MT,0.0,1.0,Arena Castelão - Fortaleza - CE,"Domingo, 16 de Julho de 2023 16:00"
4,150,America Saf - MG,Vasco da Gama S.a.f. - RJ,0.0,1.0,Independência - Belo Horizonte - MG,"Segunda, 25 de Setembro de 2023 20:00"
4,151,Flamengo - RJ,America Saf - MG,1.0,1.0,Maracanã - Rio de Janeiro - RJ,"Sábado, 22 de Julho de 2023 16:00"
5,152,Vasco da Gama S.a.f. - RJ,Athletico Paranaense - PR,0.0,2.0,São Januário - Rio de Janeiro - RJ,"Domingo, 23 de Julho de 2023 18:30"
5,153,Palmeiras - SP,Fortaleza - CE,3.0,1.0,Allianz Parque - Sao Paulo - SP,"Sábado, 22 de Julho de 2023 16:00"
5,154,Santos - SP,Botafogo - RJ,2.0,2.0,Vila Belmiro - Santos - SP,"Domingo, 23 de Julho de 2023 16:00"
5,155,Red Bull Bragantino - SP,Internacional - RS,0.0,0.0,Nabi Abi Chedid - Braganca Paulista - SP,"Domingo, 23 de Julho de 2023 16:00"
5,156,Cruzeiro Saf - MG,Goiás - GO,0.0,1.0,Independência - Belo Horizonte - MG,"Domingo, 23 de Julho de 2023 16:00"
5,157,Grêmio - RS,Atlético Mineiro - MG,1.0,0.0,Arena do Grêmio - Porto Alegre - RS,"Sábado, 22 de Julho de 2023 21:00"
5,158,Coritiba S.a.f. - PR,Fluminense - RJ,2.0,0.0,Couto Pereira - Curitiba - PR,"Segunda, 24 de Julho de 2023 19:00"
5,159,Bahia - BA,Corinthians - SP,0.0,0.0,Arena Fonte Nova - Salvador - BA,"Sábado, 22 de Julho de 2023 18:30"
5,160,Cuiabá Saf - MT,São Paulo - SP,2.0,1.0,Arena Pantanal - Cuiaba - MT,"Sábado, 22 de Julho de 2023 18:30"
5,161,Fluminense - RJ,Santos - SP,1.0,0.0,Maracanã - Rio de Janeiro - RJ,"Sábado, 29 de Julho de 2023 16:00"
5,162,Botafogo - RJ,Coritiba S.a.f. - PR,4.0,1.0,Nilton Santos - Rio de Janeiro - RJ,"Domingo, 30 de Julho de 2023 16:00"
5,163,São Paulo - SP,Bahia - BA,0.0,0.0,Morumbi - Sao Paulo - SP,"Domingo, 30 de Julho de 2023 11:00"
5,164,Corinthians - SP,Vasco da Gama S.a.f. - RJ,3.0,1.0,Neo Química Arena - Sao Paulo - SP,"Sábado, 29 de Julho de 2023 18:30"
5,165,Goiás - GO,Grêmio - RS,1.0,1.0,Hailé Pinheiro - Goiania - GO,"Domingo, 30 de Julho de 2023 18:30"
5,166,Atlético Mineiro - MG,Flamengo - RJ,1.0,2.0,Independência - Belo Horizonte - MG,"Sábado, 29 de Julho de 2023 21:00"
5,167,Internacional - RS,Cuiabá Saf - MT,1.0,2.0,Beira-Rio - Porto Alegre - RS,"Sábado, 29 de Julho de 2023 16:00"
5,168,Athletico Paranaense - PR,Cruzeiro Saf - MG,3.0,3.0,Ligga Arena - Curitiba - PR,"Sábado, 29 de Julho de 2023 16:00"
5,169,Fortaleza - CE,Red Bull Bragantino - SP,0.0,3.0,Arena Castelão - Fortaleza - CE,"Sábado, 29 de Julho de 2023 18:30"
5,170,America Saf - MG,Palmeiras - SP,1.0,4.0,Independência - Belo Horizonte - MG,"Domingo, 30 de Julho de 2023 16:00"
5,171,Fluminense - RJ,Palmeiras - SP,2.0,1.0,Maracanã - Rio de Janeiro - RJ,"Sábado, 05 de Agosto de 2023 21:00"
5,172,Vasco da Gama S.a.f. - RJ,Grêmio - RS,1.0,0.0,São Januário - Rio de Janeiro - RJ,"Domingo, 06 de Agosto de 2023 16:00"
5,173,São Paulo - SP,Atlético Mineiro - MG,0.0,2.0,Morumbi - Sao Paulo - SP,"Domingo, 06 de Agosto de 2023 16:00"
5,174,Santos - SP,Athletico Paranaense - PR,1.0,1.0,Vila Belmiro - Santos - SP,"Sábado, 05 de Agosto de 2023 16:00"
5,175,Goiás - GO,Fortaleza - CE,1.0,0.0,Hailé Pinheiro - Goiania - GO,"Sábado, 05 de Agosto de 2023 18:30"
5,176,Cruzeiro Saf - MG,Botafogo - RJ,0.0,0.0,Mineirão - Belo Horizonte - MG,"Domingo, 06 de Agosto de 2023 18:30"
5,177,Internacional - RS,Corinthians - SP,2.0,2.0,Beira-Rio - Porto Alegre - RS,"Sábado, 05 de Agosto de 2023 18:30"
5,178,Coritiba S.a.f. - PR,Red Bull Bragantino - SP,0.0,1.0,Couto Pereira - Curitiba - PR,"Domingo, 06 de Agosto de 2023 18:30"
5,179,Bahia - BA,America Saf - MG,3.0,1.0,Arena Fonte Nova - Salvador - BA,"Domingo, 06 de Agosto de 2023 18:30"
5,180,Cuiabá Saf - MT,Flamengo - RJ,3.0,0.0,Arena Pantanal - Cuiaba - MT,"Domingo, 06 de Agosto de 2023 20:00"
5,181,Flamengo - RJ,São Paulo - SP,1.0,1.0,Maracanã - Rio de Janeiro - RJ,"Domingo, 13 de Agosto de 2023 18:30"
5,182,Botafogo - RJ,Internacional - RS,3.0,1.0,Nilton Santos - Rio de Janeiro - RJ,"Sábado, 12 de Agosto de 2023 21:00"
5,183,Palmeiras - SP,Cruzeiro Saf - MG,1.0,0.0,Allianz Parque - Sao Paulo - SP,"Segunda, 14 de Agosto de 2023 19:00"
5,184,Corinthians - SP,Coritiba S.a.f. - PR,3.0,1.0,Neo Química Arena - Sao Paulo - SP,"Domingo, 13 de Agosto de 2023 16:00"
5,185,Red Bull Bragantino - SP,Vasco da Gama S.a.f. - RJ,1.0,1.0,Nabi Abi Chedid - Braganca Paulista - SP,"Segunda, 14 de Agosto de 2023 21:00"
5,186,Atlético Mineiro - MG,Bahia - BA,1.0,0.0,Mineirão - Belo Horizonte - MG,"Domingo, 13 de Agosto de 2023 11:00"
5,187,Grêmio - RS,Fluminense - RJ,2.0,1.0,Arena do Grêmio - Porto Alegre - RS,"Domingo, 13 de Agosto de 2023 16:00"
5,188,Athletico Paranaense - PR,Cuiabá Saf - MT,2.0,0.0,Ligga Arena - Curitiba - PR,"Terça, 15 de Agosto de 2023 20:00"
5,189,Fortaleza - CE,Santos - SP,4.0,0.0,Arena Castelão - Fortaleza - CE,"Domingo, 13 de Agosto de 2023 18:30"
6,190,America Saf - MG,Goiás - GO,0.0,1.0,Independência - Belo Horizonte - MG,"Domingo, 13 de Agosto de 2023 16:00"
6,191,Fluminense - RJ,America Saf - MG,3.0,1.0,Maracanã - Rio de Janeiro - RJ,"Sábado, 19 de Agosto de 2023 18:30"
6,192,Vasco da Gama S.a.f. - RJ,Atlético Mineiro - MG,1.0,0.0,Maracanã - Rio de Janeiro - RJ,"Domingo, 20 de Agosto de 2023 11:00"
6,193,São Paulo - SP,Botafogo - RJ,0.0,0.0,Morumbi - Sao Paulo - SP,"Sábado, 19 de Agosto de 2023 16:00"
6,194,Santos - SP,Grêmio - RS,2.0,1.0,Vila Belmiro - Santos - SP,"Domingo, 20 de Agosto de 2023 16:00"
6,195,Goiás - GO,Athletico Paranaense - PR,1.0,1.0,Hailé Pinheiro - Goiania - GO,"Segunda, 21 de Agosto de 2023 20:00"
6,196,Cruzeiro Saf - MG,Corinthians - SP,1.0,1.0,Mineirão - Belo Horizonte - MG,"Sábado, 19 de Agosto de 2023 21:00"
6,197,Internacional - RS,Fortaleza - CE,0.0,1.0,Beira-Rio - Porto Alegre - RS,"Sábado, 19 de Agosto de 2023 16:00"
6,198,Coritiba S.a.f. - PR,Flamengo - RJ,2.0,3.0,Couto Pereira - Curitiba - PR,"Domingo, 20 de Agosto de 2023 16:00"
6,199,Bahia - BA,Red Bull Bragantino - SP,4.0,0.0,Arena Fonte Nova - Salvador - BA,"Domingo, 20 de Agosto de 2023 16:00"
6,200,Cuiabá Saf - MT,Palmeiras - SP,0.0,2.0,Arena Pantanal - Cuiaba - MT,"Sábado, 19 de Agosto de 2023 18:30"
6,201,Flamengo - RJ,Internacional - RS,0.0,0.0,Maracanã - Rio de Janeiro - RJ,"Sábado, 26 de Agosto de 2023 18:30"
6,202,Botafogo - RJ,Bahia - BA,3.0,0.0,Nilton Santos - Rio de Janeiro - RJ,"Domingo, 27 de Agosto de 2023 16:00"
6,203,Palmeiras - SP,Vasco da Gama S.a.f. - RJ,1.0,0.0,Allianz Parque - Sao Paulo - SP,"Domingo, 27 de Agosto de 2023 18:30"
6,204,Corinthians - SP,Goiás - GO,1.0,1.0,Neo Química Arena - Sao Paulo - SP,"Sábado, 26 de Agosto de 2023 21:00"
6,205,Red Bull Bragantino - SP,Cuiabá Saf - MT,2.0,0.0,Nabi Abi Chedid - Braganca Paulista - SP,"Domingo, 27 de Agosto de 2023 11:00"
6,206,Atlético Mineiro - MG,Santos - SP,2.0,0.0,ARENA MRV - Belo Horizonte - MG,"Domingo, 27 de Agosto de 2023 16:00"
6,207,Grêmio - RS,Cruzeiro Saf - MG,3.0,0.0,Arena do Grêmio - Porto Alegre - RS,"Domingo, 27 de Agosto de 2023 19:00"
6,208,Athletico Paranaense - PR,Fluminense - RJ,2.0,2.0,Ligga Arena - Curitiba - PR,"Domingo, 27 de Agosto de 2023 18:30"
6,209,Fortaleza - CE,Coritiba S.a.f. - PR,3.0,1.0,Presidente Vargas - Fortaleza - CE,"Domingo, 27 de Agosto de 2023 18:30"
6,210,America Saf - MG,São Paulo - SP,2.0,1.0,Independência - Belo Horizonte - MG,"Domingo, 27 de Agosto de 2023 16:00"
6,211,Fluminense - RJ,Fortaleza - CE,1.0,0.0,Raulino de Oliveira - Volta Redonda - RJ,"Domingo, 03 de Setembro de 2023 16:00"
6,212,Botafogo - RJ,Flamengo - RJ,1.0,2.0,Nilton Santos - Rio de Janeiro - RJ,"Sábado, 02 de Setembro de 2023 21:00"
6,213,São Paulo - SP,Coritiba S.a.f. - PR,2.0,1.0,Morumbi - Sao Paulo - SP,"Quarta, 27 de Setembro de 2023 19:00"
6,214,Corinthians - SP,Palmeiras - SP,0.0,0.0,Neo Química Arena - Sao Paulo - SP,"Domingo, 03 de Setembro de 2023 16:00"
6,215,Goiás - GO,Internacional - RS,0.0,0.0,Hailé Pinheiro - Goiania - GO,"Sábado, 02 de Setembro de 2023 16:00"
6,216,Cruzeiro Saf - MG,Red Bull Bragantino - SP,0.0,0.0,Mineirão - Belo Horizonte - MG,"Domingo, 03 de Setembro de 2023 18:30"
6,217,Grêmio - RS,Cuiabá Saf - MT,2.0,0.0,Arena do Grêmio - Porto Alegre - RS,"Domingo, 03 de Setembro de 2023 11:00"
6,218,Athletico Paranaense - PR,Atlético Mineiro - MG,1.0,1.0,Ligga Arena - Curitiba - PR,"Sábado, 02 de Setembro de 2023 16:00"
6,219,Bahia - BA,Vasco da Gama S.a.f. - RJ,1.0,1.0,Arena Fonte Nova - Salvador - BA,"Domingo, 03 de Setembro de 2023 18:30"
6,220,America Saf - MG,Santos - SP,2.0,0.0,Independência - Belo Horizonte - MG,"Domingo, 03 de Setembro de 2023 18:30"
6,221,Flamengo - RJ,Athletico Paranaense - PR,0.0,3.0,Kleber Andrade - Cariacica - ES,"Quarta, 13 de Setembro de 2023 21:30"
6,222,Vasco da Gama S.a.f. - RJ,Fluminense - RJ,4.0,2.0,Nilton Santos - Rio de Janeiro - RJ,"Sábado, 16 de Setembro de 2023 16:00"
6,223,Palmeiras - SP,Goiás - GO,1.0,0.0,Allianz Parque - Sao Paulo - SP,"Sexta, 15 de Setembro de 2023 21:30"
6,224,Santos - SP,Cruzeiro Saf - MG,0.0,3.0,Vila Belmiro - Santos - SP,"Quinta, 14 de Setembro de 2023 19:00"
6,225,Red Bull Bragantino - SP,Grêmio - RS,2.0,0.0,Nabi Abi Chedid - Braganca Paulista - SP,"Quinta, 14 de Setembro de 2023 21:30"
6,226,Atlético Mineiro - MG,Botafogo - RJ,1.0,0.0,ARENA MRV - Belo Horizonte - MG,"Sábado, 16 de Setembro de 2023 21:00"
6,227,Internacional - RS,São Paulo - SP,2.0,1.0,Beira-Rio - Porto Alegre - RS,"Quarta, 13 de Setembro de 2023 21:30"
7,228,Coritiba S.a.f. - PR,Bahia - BA,2.0,4.0,Couto Pereira - Curitiba - PR,"Quinta, 14 de Setembro de 2023 20:00"
7,229,Fortaleza - CE,Corinthians - SP,2.0,1.0,Arena Castelão - Fortaleza - CE,"Quinta, 14 de Setembro de 2023 19:00"
7,230,Cuiabá Saf - MT,America Saf - MG,2.0,2.0,Arena Pantanal - Cuiaba - MT,"Sexta, 15 de Setembro de 2023 20:00"
7,231,Fluminense - RJ,Cruzeiro Saf - MG,1.0,0.0,Maracanã - Rio de Janeiro - RJ,"Quarta, 20 de Setembro de 2023 21:30"
7,232,Vasco da Gama S.a.f. - RJ,Coritiba S.a.f. - PR,5.0,1.0,São Januário - Rio de Janeiro - RJ,"Quinta, 21 de Setembro de 2023 19:00"
7,233,São Paulo - SP,Fortaleza - CE,1.0,2.0,Morumbi - Sao Paulo - SP,"Quarta, 20 de Setembro de 2023 21:30"
7,234,Corinthians - SP,Botafogo - RJ,1.0,0.0,Neo Química Arena - Sao Paulo - SP,"Sexta, 22 de Setembro de 2023 20:00"
7,235,Goiás - GO,Flamengo - RJ,0.0,0.0,Hailé Pinheiro - Goiania - GO,"Quarta, 20 de Setembro de 2023 19:00"
7,236,Atlético Mineiro - MG,Cuiabá Saf - MT,1.0,0.0,ARENA MRV - Belo Horizonte - MG,"Sábado, 23 de Setembro de 2023 21:00"
7,237,Grêmio - RS,Palmeiras - SP,1.0,0.0,Arena do Grêmio - Porto Alegre - RS,"Quinta, 21 de Setembro de 2023 21:30"
7,238,Athletico Paranaense - PR,Internacional - RS,2.0,1.0,Ligga Arena - Curitiba - PR,"Quinta, 21 de Setembro de 2023 19:30"
7,239,Bahia - BA,Santos - SP,1.0,2.0,Arena Fonte Nova - Salvador - BA,"Segunda, 18 de Setembro de 2023 20:00"
7,240,America Saf - MG,Red Bull Bragantino - SP,0.0,2.0,Independência - Belo Horizonte - MG,"Terça, 19 de Setembro de 2023 21:30"
7,241,Flamengo - RJ,Bahia - BA,1.0,0.0,Maracanã - Rio de Janeiro - RJ,"Sábado, 30 de Setembro de 2023 16:00"
7,242,Botafogo - RJ,Goiás - GO,1.0,1.0,Nilton Santos - Rio de Janeiro - RJ,"Segunda, 02 de Outubro de 2023 20:00"
7,243,São Paulo - SP,Corinthians - SP,2.0,1.0,Morumbi - Sao Paulo - SP,"Sábado, 30 de Setembro de 2023 18:30"
7,244,Santos - SP,Vasco da Gama S.a.f. - RJ,4.0,1.0,Vila Belmiro - Santos - SP,"Domingo, 01 de Outubro de 2023 16:00"
7,245,Red Bull Bragantino - SP,Palmeiras - SP,2.0,1.0,Nabi Abi Chedid - Braganca Paulista - SP,"Domingo, 01 de Outubro de 2023 18:30"
7,246,Cruzeiro Saf - MG,America Saf - MG,1.0,1.0,Mineirão - Belo Horizonte - MG,"Domingo, 01 de Outubro de 2023 16:00"
7,247,Internacional - RS,Atlético Mineiro - MG,0.0,2.0,Beira-Rio - Porto Alegre - RS,"Sábado, 30 de Setembro de 2023 21:00"
7,248,Coritiba S.a.f. - PR,Athletico Paranaense - PR,2.0,0.0,Couto Pereira - Curitiba - PR,"Domingo, 01 de Outubro de 2023 16:00"
7,249,Fortaleza - CE,Grêmio - RS,1.0,1.0,Arena Castelão - Fortaleza - CE,"Sábado, 30 de Setembro de 2023 16:00"
7,250,Cuiabá Saf - MT,Fluminense - RJ,3.0,0.0,Arena Pantanal - Cuiaba - MT,"Sábado, 30 de Setembro de 2023 18:30"
7,251,Fluminense - RJ,Botafogo - RJ,0.0,2.0,Maracanã - Rio de Janeiro - RJ,"Domingo, 08 de Outubro de 2023 16:00"
7,252,Vasco da Gama S.a.f. - RJ,São Paulo - SP,0.0,0.0,São Januário - Rio de Janeiro - RJ,"Sábado, 07 de Outubro de 2023 18:30"
7,253,Palmeiras - SP,Santos - SP,1.0,2.0,Arena Barueri - Barueri - SP,"Domingo, 08 de Outubro de 2023 16:00"
7,254,Corinthians - SP,Flamengo - RJ,1.0,1.0,Neo Química Arena - Sao Paulo - SP,"Sábado, 07 de Outubro de 2023 21:00"
7,255,Goiás - GO,Bahia - BA,4.0,6.0,Hailé Pinheiro - Goiania - GO,"Sábado, 07 de Outubro de 2023 16:00"
7,256,Atlético Mineiro - MG,Coritiba S.a.f. - PR,1.0,2.0,ARENA MRV - Belo Horizonte - MG,"Domingo, 08 de Outubro de 2023 18:30"
7,257,Internacional - RS,Grêmio - RS,3.0,2.0,Beira-Rio - Porto Alegre - RS,"Domingo, 08 de Outubro de 2023 16:00"
7,258,Athletico Paranaense - PR,Red Bull Bragantino - SP,1.0,1.0,Ligga Arena - Curitiba - PR,"Domingo, 08 de Outubro de 2023 18:30"
7,259,Fortaleza - CE,America Saf - MG,3.0,2.0,Arena Castelão - Fortaleza - CE,"Domingo, 08 de Outubro de 2023 18:30"
7,260,Cuiabá Saf - MT,Cruzeiro Saf - MG,0.0,0.0,Arena Pantanal - Cuiaba - MT,"Sábado, 14 de Outubro de 2023 21:00"
7,261,Fluminense - RJ,Corinthians - SP,3.0,3.0,Maracanã - Rio de Janeiro - RJ,"Quinta, 19 de Outubro de 2023 21:30"
7,262,Vasco da Gama S.a.f. - RJ,Fortaleza - CE,1.0,0.0,São Januário - Rio de Janeiro - RJ,"Quarta, 18 de Outubro de 2023 21:30"
7,263,Palmeiras - SP,Atlético Mineiro - MG,0.0,2.0,Allianz Parque - Sao Paulo - SP,"Quinta, 19 de Outubro de 2023 19:00"
7,264,Santos - SP,Red Bull Bragantino - SP,1.0,3.0,Vila Belmiro - Santos - SP,"Quinta, 19 de Outubro de 2023 20:00"
7,265,Goiás - GO,São Paulo - SP,2.0,0.0,Hailé Pinheiro - Goiania - GO,"Quarta, 18 de Outubro de 2023 21:30"
8,266,Cruzeiro Saf - MG,Flamengo - RJ,0.0,2.0,Mineirão - Belo Horizonte - MG,"Quinta, 19 de Outubro de 2023 19:00"
8,267,Grêmio - RS,Athletico Paranaense - PR,1.0,2.0,Arena do Grêmio - Porto Alegre - RS,"Quarta, 18 de Outubro de 2023 19:00"
8,268,Coritiba S.a.f. - PR,Cuiabá Saf - MT,0.0,3.0,Couto Pereira - Curitiba - PR,"Quarta, 18 de Outubro de 2023 20:00"
8,269,Bahia - BA,Internacional - RS,1.0,0.0,Arena Fonte Nova - Salvador - BA,"Quarta, 18 de Outubro de 2023 21:30"
8,270,America Saf - MG,Botafogo - RJ,1.0,2.0,Independência - Belo Horizonte - MG,"Quarta, 18 de Outubro de 2023 20:00"
8,271,Flamengo - RJ,Vasco da Gama S.a.f. - RJ,1.0,0.0,Maracanã - Rio de Janeiro - RJ,"Domingo, 22 de Outubro de 2023 16:00"
8,272,Botafogo - RJ,Athletico Paranaense - PR,1.0,1.0,Nilton Santos - Rio de Janeiro - RJ,"Domingo, 22 de Outubro de 2023 15:00"
8,273,São Paulo - SP,Grêmio - RS,3.0,0.0,Morumbi - Sao Paulo - SP,"Sábado, 21 de Outubro de 2023 18:30"
8,274,Corinthians - SP,America Saf - MG,1.0,1.0,Neo Química Arena - Sao Paulo - SP,"Domingo, 22 de Outubro de 2023 18:30"
8,275,Red Bull Bragantino - SP,Fluminense - RJ,1.0,0.0,Nabi Abi Chedid - Braganca Paulista - SP,"Domingo, 22 de Outubro de 2023 18:30"
8,276,Atlético Mineiro - MG,Cruzeiro Saf - MG,0.0,1.0,ARENA MRV - Belo Horizonte - MG,"Domingo, 22 de Outubro de 2023 16:00"
8,277,Internacional - RS,Santos - SP,7.0,1.0,Beira-Rio - Porto Alegre - RS,"Domingo, 22 de Outubro de 2023 16:00"
8,278,Coritiba S.a.f. - PR,Palmeiras - SP,0.0,2.0,Couto Pereira - Curitiba - PR,"Domingo, 22 de Outubro de 2023 18:30"
8,279,Bahia - BA,Fortaleza - CE,2.0,0.0,Arena Fonte Nova - Salvador - BA,"Sábado, 21 de Outubro de 2023 18:30"
8,280,Cuiabá Saf - MT,Goiás - GO,1.0,1.0,Arena Pantanal - Cuiaba - MT,"Sábado, 21 de Outubro de 2023 18:30"
8,281,Fluminense - RJ,Goiás - GO,5.0,3.0,Raulino de Oliveira - Volta Redonda - RJ,"Quarta, 25 de Outubro de 2023 19:00"
8,282,Vasco da Gama S.a.f. - RJ,Internacional - RS,,,São Januário - Rio de Janeiro - RJ,"Quinta, 26 de Outubro de 2023 19:00"
8,283,Palmeiras - SP,São Paulo - SP,5.0,0.0,Allianz Parque - Sao Paulo - SP,"Quarta, 25 de Outubro de 2023 20:00"
8,284,Santos - SP,Coritiba S.a.f. - PR,,,Vila Belmiro - Santos - SP,"Quinta, 26 de Outubro de 2023 21:30"
8,285,Red Bull Bragantino - SP,Atlético Mineiro - MG,1.0,2.0,Nabi Abi Chedid - Braganca Paulista - SP,"Quarta, 25 de Outubro de 2023 19:00"
8,286,Cruzeiro Saf - MG,Bahia - BA,3.0,0.0,Mineirão - Belo Horizonte - MG,"Quarta, 25 de Outubro de 2023 20:00"
8,287,Grêmio - RS,Flamengo - RJ,3.0,2.0,Arena do Grêmio - Porto Alegre - RS,"Quarta, 25 de Outubro de 2023 21:30"
8,288,Athletico Paranaense - PR,America Saf - MG,3.0,2.0,Ligga Arena - Curitiba - PR,"Quarta, 25 de Outubro de 2023 19:00"
8,289,Fortaleza - CE,Botafogo - RJ,,,Arena Castelão - Fortaleza - CE,A definir
8,290,Cuiabá Saf - MT,Corinthians - SP,0.0,1.0,Arena Pantanal - Cuiaba - MT,"Quarta, 25 de Outubro de 2023 21:30"
8,291,Flamengo - RJ,Red Bull Bragantino - SP,,,A definir,A definir
8,292,Botafogo - RJ,Cuiabá Saf - MT,,,Nilton Santos - Rio de Janeiro - RJ,"Domingo, 29 de Outubro de 2023 20:00"
8,293,Palmeiras - SP,Bahia - BA,,,Allianz Parque - Sao Paulo - SP,"Sábado, 28 de Outubro de 2023 19:00"
8,294,Corinthians - SP,Santos - SP,,,Neo Química Arena - Sao Paulo - SP,"Domingo, 29 de Outubro de 2023 18:30"
8,295,Goiás - GO,Vasco da Gama S.a.f. - RJ,,,Hailé Pinheiro - Goiania - GO,"Domingo, 29 de Outubro de 2023 16:00"
8,296,Atlético Mineiro - MG,Fluminense - RJ,,,ARENA MRV - Belo Horizonte - MG,"Sábado, 28 de Outubro de 2023 21:00"
8,297,Internacional - RS,Coritiba S.a.f. - PR,,,Beira-Rio - Porto Alegre - RS,"Domingo, 29 de Outubro de 2023 18:30"
8,298,Athletico Paranaense - PR,São Paulo - SP,,,Ligga Arena - Curitiba - PR,"Domingo, 29 de Outubro de 2023 16:00"
8,299,Fortaleza - CE,Cruzeiro Saf - MG,,,A definir,A definir
8,300,America Saf - MG,Grêmio - RS,,,Independência - Belo Horizonte - MG,"Sábado, 28 de Outubro de 2023 19:00"
8,301,Flamengo - RJ,Santos - SP,,,Mané Garrincha - Brasilia - DF,"Quarta, 01 de Novembro de 2023 20:00"
8,302,Botafogo - RJ,Palmeiras - SP,,,Nilton Santos - Rio de Janeiro - RJ,"Quarta, 01 de Novembro de 2023 21:30"
8,303,São Paulo - SP,Cruzeiro Saf - MG,,,Morumbi - Sao Paulo - SP,"Quinta, 02 de Novembro de 2023 20:00"
9,304,Corinthians - SP,Athletico Paranaense - PR,,,Neo Química Arena - Sao Paulo - SP,"Quarta, 01 de Novembro de 2023 19:00"
9,305,Goiás - GO,Red Bull Bragantino - SP,,,Hailé Pinheiro - Goiania - GO,"Quinta, 02 de Novembro de 2023 18:00"
9,306,Atlético Mineiro - MG,Fortaleza - CE,,,ARENA MRV - Belo Horizonte - MG,"Quarta, 01 de Novembro de 2023 21:30"
9,307,Internacional - RS,America Saf - MG,,,Beira-Rio - Porto Alegre - RS,"Quarta, 01 de Novembro de 2023 19:00"
9,308,Coritiba S.a.f. - PR,Grêmio - RS,,,Couto Pereira - Curitiba - PR,"Quarta, 01 de Novembro de 2023 20:00"
9,309,Bahia - BA,Fluminense - RJ,,,Arena Fonte Nova - Salvador - BA,"Terça, 31 de Outubro de 2023 19:00"
9,310,Cuiabá Saf - MT,Vasco da Gama S.a.f. - RJ,,,Arena Pantanal - Cuiaba - MT,"Quinta, 02 de Novembro de 2023 17:00"
9,311,Fluminense - RJ,São Paulo - SP,,,A definir,A definir
9,312,Vasco da Gama S.a.f. - RJ,Botafogo - RJ,,,Raulino de Oliveira - Volta Redonda - RJ,"Domingo, 05 de Novembro de 2023 16:00"
9,313,Palmeiras - SP,Athletico Paranaense - PR,,,Arena Barueri - Barueri - SP,"Sábado, 04 de Novembro de 2023 21:30"
9,314,Santos - SP,Cuiabá Saf - MT,,,Vila Belmiro - Santos - SP,"Segunda, 06 de Novembro de 2023 20:00"
9,315,Red Bull Bragantino - SP,Corinthians - SP,,,Nabi Abi Chedid - Braganca Paulista - SP,"Domingo, 05 de Novembro de 2023 16:00"
9,316,Cruzeiro Saf - MG,Internacional - RS,,,Mineirão - Belo Horizonte - MG,"Domingo, 05 de Novembro de 2023 16:00"
9,317,Grêmio - RS,Bahia - BA,,,Arena do Grêmio - Porto Alegre - RS,"Sábado, 04 de Novembro de 2023 19:30"
9,318,Coritiba S.a.f. - PR,Goiás - GO,,,Couto Pereira - Curitiba - PR,"Domingo, 05 de Novembro de 2023 18:30"
9,319,Fortaleza - CE,Flamengo - RJ,,,Arena Castelão - Fortaleza - CE,"Domingo, 05 de Novembro de 2023 18:30"
9,320,America Saf - MG,Atlético Mineiro - MG,,,Parque do Sabiá - Uberlandia - MG,"Sábado, 04 de Novembro de 2023 19:30"
9,321,Flamengo - RJ,Palmeiras - SP,,,Maracanã - Rio de Janeiro - RJ,"Quarta, 08 de Novembro de 2023 21:30"
9,322,Botafogo - RJ,Grêmio - RS,,,São Januário - Rio de Janeiro - RJ,"Quinta, 09 de Novembro de 2023 20:00"
9,323,São Paulo - SP,Red Bull Bragantino - SP,,,Morumbi - Sao Paulo - SP,"Quarta, 08 de Novembro de 2023 20:00"
9,324,Corinthians - SP,Atlético Mineiro - MG,,,Neo Química Arena - Sao Paulo - SP,"Quinta, 09 de Novembro de 2023 19:00"
9,325,Goiás - GO,Santos - SP,,,Hailé Pinheiro - Goiania - GO,"Quinta, 09 de Novembro de 2023 19:00"
9,326,Cruzeiro Saf - MG,Vasco da Gama S.a.f. - RJ,,,Mineirão - Belo Horizonte - MG,"Quarta, 08 de Novembro de 2023 20:00"
9,327,Internacional - RS,Fluminense - RJ,,,Beira-Rio - Porto Alegre - RS,"Quarta, 08 de Novembro de 2023 19:00"
9,328,Athletico Paranaense - PR,Fortaleza - CE,,,Ligga Arena - Curitiba - PR,"Quarta, 08 de Novembro de 2023 20:00"
9,329,Bahia - BA,Cuiabá Saf - MT,,,Arena Fonte Nova - Salvador - BA,"Quinta, 09 de Novembro de 2023 21:30"
9,330,America Saf - MG,Coritiba S.a.f. - PR,,,Independência - Belo Horizonte - MG,"Quarta, 08 de Novembro de 2023 19:00"
9,331,Flamengo - RJ,Fluminense - RJ,,,Maracanã - Rio de Janeiro - RJ,"Sábado, 11 de Novembro de 2023 18:30"
9,332,Vasco da Gama S.a.f. - RJ,America Saf - MG,,,São Januário - Rio de Janeiro - RJ,"Domingo, 12 de Novembro de 2023 18:30"
9,333,Palmeiras - SP,Internacional - RS,,,Arena Barueri - Barueri - SP,"Sábado, 11 de Novembro de 2023 21:00"
9,334,Santos - SP,São Paulo - SP,,,Vila Belmiro - Santos - SP,"Domingo, 12 de Novembro de 2023 18:30"
9,335,Red Bull Bragantino - SP,Botafogo - RJ,,,Nabi Abi Chedid - Braganca Paulista - SP,"Domingo, 12 de Novembro de 2023 16:00"
9,336,Atlético Mineiro - MG,Goiás - GO,,,ARENA MRV - Belo Horizonte - MG,"Domingo, 12 de Novembro de 2023 18:30"
9,337,Grêmio - RS,Corinthians - SP,,,Arena do Grêmio - Porto Alegre - RS,"Domingo, 12 de Novembro de 2023 16:00"
9,338,Coritiba S.a.f. - PR,Cruzeiro Saf - MG,,,Durival Britto - Curitiba - PR,"Sábado, 11 de Novembro de 2023 16:00"
9,339,Bahia - BA,Athletico Paranaense - PR,,,Arena Fonte Nova - Salvador - BA,"Domingo, 12 de Novembro de 2023 18:30"
9,340,Cuiabá Saf - MT,Fortaleza - CE,,,Arena Pantanal - Cuiaba - MT,"Domingo, 12 de Novembro de 2023 18:30"
9,341,Fluminense - RJ,Coritiba S.a.f. - PR,,,A definir,A definir
10,342,Botafogo - RJ,Santos - SP,,,A definir,A definir
10,343,São Paulo - SP,Cuiabá Saf - MT,,,A definir,A definir
10,344,Corinthians - SP,Bahia - BA,,,A definir,A definir
10,345,Goiás - GO,Cruzeiro Saf - MG,,,A definir,A definir
10,346,Atlético Mineiro - MG,Grêmio - RS,,,A definir,A definir
10,347,Internacional - RS,Red Bull Bragantino - SP,,,A definir,A definir
10,348,Athletico Paranaense - PR,Vasco da Gama S.a.f. - RJ,,,A definir,A definir
10,349,Fortaleza - CE,Palmeiras - SP,,,A definir,A definir
10,350,America Saf - MG,Flamengo - RJ,,,A definir,A definir
10,351,Flamengo - RJ,Atlético Mineiro - MG,,,A definir,A definir
10,352,Vasco da Gama S.a.f. - RJ,Corinthians - SP,,,A definir,A definir
10,353,Palmeiras - SP,America Saf - MG,,,A definir,A definir
10,354,Santos - SP,Fluminense - RJ,,,A definir,A definir
10,355,Red Bull Bragantino - SP,Fortaleza - CE,,,A definir,A definir
10,356,Cruzeiro Saf - MG,Athletico Paranaense - PR,,,A definir,A definir
10,357,Grêmio - RS,Goiás - GO,,,A definir,A definir
10,358,Coritiba S.a.f. - PR,Botafogo - RJ,,,A definir,A definir
10,359,Bahia - BA,São Paulo - SP,,,A definir,A definir
10,360,Cuiabá Saf - MT,Internacional - RS,,,A definir,A definir
10,361,Flamengo - RJ,Cuiabá Saf - MT,,,A definir,A definir
10,362,Botafogo - RJ,Cruzeiro Saf - MG,,,A definir,A definir
10,363,Palmeiras - SP,Fluminense - RJ,,,A definir,A definir
10,364,Corinthians - SP,Internacional - RS,,,A definir,A definir
10,365,Red Bull Bragantino - SP,Coritiba S.a.f. - PR,,,A definir,A definir
10,366,Atlético Mineiro - MG,São Paulo - SP,,,A definir,A definir
10,367,Grêmio - RS,Vasco da Gama S.a.f. - RJ,,,A definir,A definir
10,368,Athletico Paranaense - PR,Santos - SP,,,A definir,A definir
10,369,Fortaleza - CE,Goiás - GO,,,A definir,A definir
10,370,America Saf - MG,Bahia - BA,,,A definir,A definir
10,371,Fluminense - RJ,Grêmio - RS,,,A definir,A definir
10,372,Vasco da Gama S.a.f. - RJ,Red Bull Bragantino - SP,,,A definir,A definir
10,373,São Paulo - SP,Flamengo - RJ,,,A definir,A definir
10,374,Santos - SP,Fortaleza - CE,,,A definir,A definir
10,375,Goiás - GO,America Saf - MG,,,A definir,A definir
10,376,Cruzeiro Saf - MG,Palmeiras - SP,,,A definir,A definir
10,377,Internacional - RS,Botafogo - RJ,,,A definir,A definir
10,378,Coritiba S.a.f. - PR,Corinthians - SP,,,A definir,A definir
10,379,Bahia - BA,Atlético Mineiro - MG,,,A definir,A definir
